user_id,product_id,rating
9,2602,4.0
41,1182,3.5
28,733,1.0
35,2620,3.0
3,1515,5.0
79,1992,4.5
61,831,1.5
8,100,5.0
42,517,3.0
97,2710,2.5
12,1178,3.0
57,2343,4.0
93,913,3.0
28,852,2.5
29,2250,4.5
13,107,2.0
49,610,5.0
12,770,4.0
88,2750,1.0
22,1292,1.0
63,1346,0.5
76,157,4.0
60,843,1.0
25,444,4.0
1,2774,4.0
65,896,4.0
99,2302,1.5
7,388,4.0
73,1154,3.0
36,2516,5.0
39,2487,1.5
52,81,4.5
71,952,3.5
66,2428,4.5
6,2529,4.5
64,926,4.0
76,703,0.5
89,1289,5.0
10,2778,1.5
13,2740,3.5
32,844,4.0
95,1443,3.0
42,1385,5.0
74,2431,2.0
87,1171,2.5
17,846,2.5
75,1447,1.0
60,1172,4.5
93,1846,2.5
58,1919,1.0
72,1888,2.0
29,1327,2.0
82,2054,4.5
49,522,4.5
42,1551,4.5
72,1135,1.5
100,2083,2.5
11,749,4.5
14,946,2.5
89,2514,4.5
22,2701,3.5
97,2784,5.0
35,1694,4.5
64,1119,1.0
5,2653,0.5
87,1102,2.0
42,2538,3.5
82,1705,4.0
23,117,0.5
44,2779,5.0
70,1167,3.5
8,1213,1.0
10,2619,2.5
7,574,3.5
90,2146,1.0
33,724,1.0
12,1354,4.0
67,1029,4.0
83,1948,0.5
60,1624,4.5
26,1696,2.0
22,2360,4.5
21,644,2.5
68,2296,4.0
19,2088,5.0
11,1051,3.0
80,2366,4.0
8,1984,4.5
65,775,4.5
27,1891,1.0
69,2801,5.0
8,830,2.0
26,382,4.5
18,2403,3.5
46,1958,2.0
48,636,4.5
27,606,2.0
55,376,4.0
73,2249,3.0
41,121,1.0
84,618,4.0
56,2082,3.5
31,590,3.0
83,416,2.5
58,1314,2.5
52,1118,1.0
75,534,1.5
20,1810,3.5
53,2093,0.5
92,2103,2.0
34,1024,5.0
40,489,2.5
34,1455,4.5
30,1089,0.5
57,1946,0.5
76,1108,5.0
46,1641,1.5
45,521,4.0
86,2050,1.0
72,2815,1.0
10,1526,3.0
80,2801,2.0
23,1051,3.0
5,1266,1.5
87,133,4.0
94,2053,0.5
42,592,3.0
94,2349,4.0
2,262,3.0
62,559,2.5
1,2816,5.0
26,2519,3.5
84,1468,1.5
52,477,4.0
21,179,3.0
18,810,2.0
69,148,3.5
71,731,1.5
41,367,4.0
8,585,1.0
94,2036,3.0
78,1550,5.0
58,165,3.5
11,2161,5.0
86,22,3.0
94,1683,3.5
72,1502,1.0
50,799,3.0
14,2137,0.5
84,102,2.5
53,2024,0.5
27,448,1.0
14,738,4.5
21,403,2.0
73,1403,2.0
94,1783,3.0
97,762,4.0
39,1738,2.0
99,320,3.5
56,1393,1.5
53,2810,1.5
17,359,3.0
14,461,5.0
32,2280,2.5
12,2505,1.5
55,104,1.0
58,2578,4.0
61,2,4.5
9,1810,3.0
17,959,1.5
40,247,2.5
100,2490,5.0
40,748,5.0
29,2677,4.0
67,2461,3.0
65,2808,5.0
64,400,5.0
49,1982,0.5
82,609,3.0
57,1123,4.5
12,557,4.5
15,2042,1.5
9,232,3.5
44,2570,2.0
82,904,0.5
81,714,3.5
24,2349,3.5
45,1992,2.0
71,489,4.0
82,211,1.5
31,222,4.0
61,1401,2.0
97,2542,2.0
83,630,2.0
27,2398,2.0
38,567,3.0
78,146,5.0
16,1498,1.5
9,104,0.5
87,1105,1.0
46,731,1.0
80,2462,4.0
69,2149,1.5
9,1734,2.0
100,887,2.5
49,1695,4.5
62,1091,2.5
36,634,2.5
78,2500,1.5
24,1488,0.5
36,1602,1.0
87,2321,5.0
10,615,1.5
11,1244,3.0
12,1331,0.5
74,2732,2.0
34,1050,5.0
26,969,5.0
74,1999,2.5
98,883,5.0
39,2807,1.5
63,1713,2.0
15,2472,2.5
46,798,3.0
84,1081,1.5
81,1363,1.5
15,932,4.5
44,754,3.0
9,1520,5.0
31,201,3.0
19,651,3.0
84,418,0.5
38,1739,4.5
69,446,1.5
17,1996,0.5
84,1373,3.0
91,759,4.0
34,2094,2.5
15,1909,1.0
9,590,3.5
15,586,4.5
72,2701,2.5
66,960,0.5
55,1463,2.0
32,140,4.0
5,272,4.0
63,654,4.0
42,64,1.5
83,536,2.5
19,370,4.0
51,234,4.0
15,1511,2.0
88,1001,3.0
87,257,1.5
13,2436,3.5
88,1256,3.5
87,2384,3.0
68,2157,0.5
6,2392,5.0
59,1715,3.0
97,1930,2.5
91,201,1.0
54,2228,3.0
56,87,2.5
16,484,5.0
35,2133,2.5
76,621,1.0
31,2758,3.5
16,425,2.5
25,2725,4.0
1,2239,1.5
89,2762,1.0
58,2441,1.0
90,2013,5.0
18,191,3.5
6,1381,2.0
79,2076,0.5
82,1134,3.0
92,437,2.0
28,1782,3.0
45,2677,3.5
39,2078,1.0
88,1674,4.5
88,1574,3.5
40,15,4.5
8,734,3.5
9,2598,3.0
44,2549,4.0
90,1370,2.0
83,790,4.5
100,1313,4.5
91,813,2.0
65,1343,0.5
73,1792,3.0
10,961,3.0
95,1481,0.5
98,2393,5.0
4,1734,4.0
92,1322,5.0
30,2204,1.5
69,901,2.5
54,2400,5.0
63,1807,2.0
3,2693,5.0
55,2052,1.5
10,1855,2.0
65,1949,1.0
41,2191,0.5
5,1157,1.0
75,380,4.0
69,284,1.5
93,2407,1.5
5,1789,1.5
85,2765,4.0
77,2713,1.5
76,2328,4.5
37,2811,1.5
28,2355,4.5
3,624,5.0
8,1019,0.5
4,1445,0.5
95,1335,3.5
43,2440,3.5
19,914,4.5
40,2289,3.0
17,1514,0.5
97,2264,4.5
55,2124,1.5
14,630,1.0
62,203,5.0
93,1869,3.0
71,2439,3.0
97,1731,4.5
95,2227,1.0
1,1434,0.5
89,30,4.5
73,2627,4.5
95,896,3.0
36,573,1.0
41,2726,0.5
14,602,4.0
50,1183,1.5
41,2257,2.0
96,2028,3.0
23,1642,1.0
4,2324,2.5
24,1892,1.5
20,2294,4.0
84,1378,0.5
55,2015,3.0
97,67,1.0
6,699,2.5
22,710,3.5
100,1254,5.0
43,633,2.5
88,1998,2.5
46,124,2.5
49,1622,3.5
67,1217,1.5
97,2645,3.0
65,837,5.0
44,959,2.0
46,1155,1.5
49,976,5.0
75,783,4.5
84,745,1.5
89,947,1.5
36,445,0.5
88,1255,4.5
20,2357,3.5
54,2207,1.0
71,982,2.5
47,743,5.0
65,603,1.5
61,2543,4.5
67,2794,0.5
14,421,2.5
40,1379,3.5
95,986,5.0
15,660,1.0
96,1681,2.0
23,1216,4.5
51,862,3.0
51,2269,2.0
79,680,1.5
100,347,0.5
96,578,4.5
38,288,1.5
94,730,1.0
88,1628,4.5
35,1677,4.0
81,101,1.0
31,1749,3.5
65,679,1.0
53,2644,4.5
66,1557,2.0
8,1629,3.5
99,1929,5.0
89,327,2.0
31,2003,0.5
96,298,2.0
22,2565,3.5
21,1434,2.5
49,195,3.0
36,381,3.0
24,1984,2.5
54,190,5.0
52,2789,0.5
45,487,3.5
60,2165,0.5
78,2104,1.5
9,1973,0.5
43,2383,2.5
31,2774,2.5
56,2183,4.5
4,2566,2.5
8,2592,0.5
82,1169,2.5
4,2380,2.5
51,2023,5.0
88,2329,2.0
1,1554,5.0
61,2335,3.0
63,1211,4.0
74,2172,4.0
72,115,0.5
96,1926,2.5
11,1313,4.0
5,1204,1.0
98,2412,2.5
86,1783,2.0
73,1198,0.5
94,684,1.0
81,1908,1.5
44,2484,3.5
12,303,3.0
62,1249,1.5
95,2503,3.5
27,999,1.0
64,127,2.5
18,1899,2.5
43,418,1.5
14,2277,5.0
82,346,1.0
76,669,2.5
9,510,4.5
53,679,3.0
73,1678,1.0
30,480,2.5
49,2794,5.0
19,752,4.0
2,2746,5.0
88,510,1.0
77,2271,5.0
7,1045,5.0
35,128,3.0
70,777,0.5
16,1282,1.0
99,1002,4.5
33,1055,2.0
49,2202,4.0
89,1273,0.5
6,25,4.0
96,2751,0.5
34,186,3.0
81,3,1.5
17,2541,5.0
95,1431,3.0
50,2267,0.5
68,1120,4.5
18,1795,1.5
1,650,2.5
35,2384,2.5
32,1731,4.0
39,1236,1.5
8,514,1.5
52,114,0.5
71,229,3.0
93,2609,2.5
70,455,1.0
68,478,2.0
76,2590,3.5
60,2094,0.5
56,660,1.5
84,546,1.0
41,89,4.5
84,2413,3.0
36,2766,3.0
26,409,5.0
30,2343,1.5
11,2452,1.5
10,73,0.5
74,1506,4.5
3,2542,4.5
14,720,5.0
52,1400,0.5
81,398,1.0
73,929,1.0
98,716,2.0
9,952,0.5
41,2494,3.5
10,198,0.5
17,676,4.5
66,252,3.0
5,1762,2.0
91,2326,3.5
88,2393,0.5
2,444,4.5
17,691,2.5
22,940,1.5
18,375,2.5
48,1680,4.5
55,8,4.5
17,2556,0.5
34,2122,5.0
68,2670,4.5
6,219,3.0
92,1868,3.0
19,1796,4.0
77,2717,1.0
34,1451,5.0
29,763,2.0
83,2767,4.5
28,1020,4.5
24,1092,4.5
72,2199,3.5
50,1182,3.5
5,1738,3.0
99,2772,4.5
90,1868,4.5
73,2544,0.5
7,2657,4.0
97,817,2.5
71,2129,1.5
75,1216,2.5
15,584,0.5
33,1491,1.5
24,861,4.0
4,178,2.0
15,1287,0.5
88,2753,0.5
45,2506,1.5
37,1419,1.5
79,2728,3.0
27,1057,2.0
27,442,5.0
20,801,4.0
56,2666,3.5
15,1444,0.5
29,320,5.0
67,395,1.5
99,1582,4.5
76,36,2.5
82,303,4.0
45,291,4.0
7,1892,2.5
13,736,5.0
1,2289,1.0
79,2600,1.0
83,2121,3.0
3,273,2.0
46,913,3.0
59,84,3.0
69,2300,1.0
82,1179,1.0
12,2460,1.5
93,2736,1.0
61,1826,2.5
100,1504,2.5
79,1084,4.5
91,1271,3.5
27,1550,5.0
96,641,3.5
23,1281,3.5
12,1396,2.0
67,1222,0.5
17,2074,2.5
18,132,2.5
86,1240,4.0
48,1359,1.0
70,468,2.0
55,265,1.5
42,2294,5.0
23,1218,4.5
68,1898,5.0
36,2167,4.5
98,2316,2.0
75,110,0.5
66,1161,1.5
37,1220,2.5
45,1133,2.5
74,699,4.5
55,211,0.5
26,2340,3.5
52,1698,4.0
39,550,0.5
79,22,1.0
8,156,4.5
59,520,1.0
41,1797,0.5
34,766,1.0
18,464,2.0
28,1783,2.0
11,241,2.5
48,24,2.0
76,1563,4.5
13,1454,0.5
98,760,2.0
97,2123,0.5
18,1257,4.0
26,265,1.5
73,906,1.0
91,1175,3.5
18,1158,1.0
11,104,2.5
43,1299,1.5
41,1258,4.0
42,1196,0.5
66,2478,3.5
78,2121,2.5
96,2029,1.5
45,2438,0.5
50,1347,4.0
45,1847,3.5
24,3,3.5
95,1739,4.5
19,254,3.5
67,1500,0.5
15,770,0.5
98,903,3.0
56,41,1.5
82,2353,1.5
79,1063,3.0
83,454,2.0
7,1480,2.5
9,382,1.0
27,1818,4.0
98,2347,3.0
42,1823,1.0
23,505,2.5
11,2762,4.0
53,2148,0.5
78,909,2.0
12,1384,0.5
17,1168,3.0
20,2714,5.0
98,690,4.5
60,636,3.5
35,372,4.0
68,2184,2.0
90,579,3.0
72,286,2.5
25,315,1.0
36,2331,4.0
45,1215,1.0
39,2509,3.0
90,2497,4.5
1,1904,0.5
70,1116,4.0
80,1330,4.0
38,772,4.5
11,6,2.0
92,2483,3.5
39,443,4.0
83,2346,3.0
44,2723,3.0
25,1797,1.0
13,2699,3.0
81,1109,0.5
72,1174,2.5
34,433,1.5
5,950,3.0
84,303,1.5
40,1527,2.5
26,1016,2.5
85,2338,3.0
42,2809,3.0
67,1360,5.0
80,1353,0.5
80,2338,3.0
62,2129,4.5
1,155,0.5
25,790,3.0
57,2679,5.0
88,1224,2.0
36,1147,3.0
20,1557,2.0
5,2125,0.5
60,2269,0.5
18,1345,3.5
78,1130,3.5
61,1571,2.0
50,2718,1.0
89,370,0.5
24,2712,1.5
32,1975,5.0
32,2807,3.0
60,1803,2.5
55,2371,4.0
8,1508,3.0
36,214,4.0
56,1087,0.5
8,2397,3.5
47,1983,2.0
29,1563,3.5
33,178,2.0
74,1802,3.5
60,2423,3.0
47,20,1.0
41,762,1.5
83,2400,3.0
77,440,3.5
12,2477,2.5
79,1577,3.5
9,2153,2.5
6,188,3.5
24,2782,3.5
77,300,1.0
67,1844,1.0
41,1047,2.0
85,1554,1.5
87,1358,5.0
98,2559,4.5
97,864,4.5
9,1243,3.5
69,89,3.5
1,1876,4.5
24,1164,3.0
75,1429,1.5
80,380,3.0
36,627,3.0
57,163,0.5
39,2182,3.0
37,2620,3.0
53,2541,2.5
83,1270,1.0
17,1884,2.0
51,653,0.5
9,2644,0.5
93,2340,3.0
3,80,4.5
93,37,3.0
4,1024,1.0
23,2182,3.0
34,742,2.0
56,942,3.5
42,2588,2.0
52,1766,2.5
53,1933,0.5
41,421,1.0
38,380,1.5
22,1706,1.5
8,1050,2.5
84,1183,3.0
38,743,3.0
73,2605,4.0
46,1330,4.5
72,1338,3.0
25,2116,3.0
65,1625,1.5
40,2724,1.0
30,1364,1.0
24,1177,3.5
19,1092,1.0
96,220,1.0
50,2721,4.5
65,1353,2.5
31,2139,3.0
82,248,2.5
27,52,5.0
32,1878,1.5
81,51,0.5
47,2133,3.5
19,720,1.0
31,72,3.5
79,952,4.0
48,1553,1.0
54,1577,2.0
44,1360,2.0
75,909,5.0
10,116,4.0
87,1675,4.0
44,620,4.5
11,1970,1.5
76,214,3.0
91,1698,0.5
48,347,1.0
21,897,0.5
38,1522,1.5
4,167,5.0
54,1361,2.5
80,311,1.0
94,1808,4.5
95,874,1.0
51,453,4.0
75,2481,2.0
66,722,1.5
71,705,4.0
26,1062,4.0
11,1275,2.0
87,2702,1.5
6,356,0.5
21,474,5.0
99,306,0.5
64,63,4.5
26,2477,2.0
77,1488,4.5
17,1711,2.5
64,1474,4.5
22,954,3.0
8,998,0.5
45,1417,3.0
17,878,3.5
21,1496,0.5
13,2652,5.0
77,1220,1.5
48,671,2.0
23,2220,5.0
37,2660,0.5
90,1702,4.5
93,1702,2.5
19,1183,5.0
35,998,4.5
96,2133,2.0
83,2553,1.5
64,430,1.5
49,2574,1.0
35,1280,4.5
87,2024,1.0
69,69,3.5
11,2551,1.0
27,1581,3.0
16,2454,3.5
40,744,4.0
62,2366,3.5
89,2178,2.0
39,442,1.0
87,225,3.0
64,2166,1.0
55,1963,1.5
91,963,0.5
81,1627,2.0
72,1660,1.0
21,1868,1.5
76,538,1.5
8,873,5.0
75,2069,3.0
47,760,0.5
44,345,1.0
40,788,2.0
80,39,1.0
52,2574,2.0
53,1977,1.0
54,2721,3.5
51,2750,5.0
34,553,2.0
55,1610,3.0
18,2215,0.5
13,2328,1.5
69,389,2.0
32,35,1.5
100,584,1.0
97,1027,4.0
48,995,1.5
100,2008,5.0
50,913,2.0
42,2045,0.5
92,1213,2.0
8,1103,1.5
14,2606,3.5
95,26,0.5
8,1888,4.5
46,1401,2.5
2,337,4.5
29,1818,1.5
36,1340,4.0
81,2141,3.5
86,518,4.0
94,734,1.5
23,2260,1.5
73,483,4.5
13,1243,0.5
36,1992,2.0
37,1892,0.5
16,2625,1.0
27,46,3.5
84,152,2.0
58,1286,2.0
55,2783,5.0
69,1993,1.5
65,1588,2.0
57,2678,2.0
87,670,0.5
68,703,5.0
15,1544,3.0
93,635,2.0
85,380,2.5
53,2396,1.5
22,2297,1.0
21,468,1.0
42,2662,3.0
40,1626,4.0
80,1617,0.5
5,1131,4.5
16,2230,1.0
51,535,3.5
36,1408,4.0
80,1321,2.0
31,262,4.5
9,40,4.0
92,522,0.5
7,2116,5.0
47,2539,4.5
80,1388,4.5
94,2319,4.5
47,846,2.5
73,2265,2.5
82,1998,3.0
25,190,4.5
2,1586,2.0
17,572,3.5
76,1068,3.0
21,1574,3.5
48,1915,3.5
33,2553,4.0
10,663,2.5
24,2058,2.5
22,1874,0.5
81,1463,5.0
1,827,4.5
51,312,4.5
6,444,2.0
30,1544,5.0
25,2612,3.5
37,1621,4.5
59,596,4.5
26,1157,3.5
41,312,3.5
5,368,2.0
76,1233,2.0
77,356,0.5
77,1580,1.5
91,2507,0.5
40,259,3.0
15,1875,4.5
46,676,2.0
60,2152,1.5
1,1725,1.0
91,2302,4.0
80,767,3.5
44,1183,5.0
33,125,5.0
45,1467,3.0
36,194,0.5
100,873,4.5
43,1,1.5
19,357,2.5
61,1354,3.0
68,1260,3.5
17,1216,5.0
35,256,3.5
7,2768,3.5
51,2443,1.5
14,418,1.5
69,1734,3.0
66,2300,4.5
54,1561,2.0
50,1780,1.0
40,313,1.5
31,1249,1.5
33,2370,2.0
29,793,2.0
30,1904,0.5
20,447,3.0
49,1041,3.5
18,762,5.0
98,103,0.5
93,1540,4.0
13,2370,0.5
83,2429,3.5
83,2685,5.0
61,448,1.5
64,1190,0.5
4,1137,4.5
34,996,1.0
76,1793,2.5
60,1241,3.5
79,2239,3.5
58,792,3.5
100,1647,4.0
31,29,3.5
59,1648,1.5
42,446,0.5
82,188,4.5
3,371,0.5
79,2738,3.0
91,2428,4.0
5,494,1.5
23,1875,2.5
11,1339,2.0
68,90,1.0
49,385,0.5
65,2334,2.5
98,2154,1.5
58,457,2.0
53,734,3.5
55,2782,3.5
38,573,1.0
20,2707,4.0
5,513,2.0
90,973,3.0
95,2285,1.5
19,565,3.5
78,6,5.0
80,2716,3.5
37,1134,4.5
91,2139,5.0
55,1469,4.5
6,761,0.5
41,2633,5.0
12,12,5.0
19,2258,3.5
57,342,1.5
54,2735,2.5
50,1805,1.0
95,1966,3.5
86,2758,1.5
65,2567,3.5
58,51,3.0
37,2074,2.0
35,396,4.0
95,1843,3.0
54,276,5.0
27,677,2.5
96,2718,3.0
97,1527,5.0
70,1815,4.0
25,2487,3.5
70,759,4.0
44,1179,1.5
90,2292,2.5
53,624,2.5
59,1726,5.0
37,43,3.5
22,554,3.0
86,1594,3.0
76,1488,3.0
21,2215,3.5
70,1610,2.5
27,1067,2.0
38,2028,1.5
1,2145,3.5
76,1997,5.0
51,3,1.0
65,2505,2.0
91,1429,3.0
52,1326,3.0
48,1030,2.0
53,2100,5.0
57,2815,2.0
74,1146,4.5
95,845,3.5
66,1908,3.5
15,909,5.0
100,2049,1.0
8,302,5.0
47,563,1.0
83,2502,1.0
72,547,5.0
33,591,5.0
68,2090,2.0
32,961,3.5
42,2020,3.5
35,2037,3.0
37,1829,2.0
77,633,3.0
36,1410,2.0
84,518,1.5
87,695,4.5
74,377,3.5
23,2278,2.5
34,1030,5.0
29,1690,3.0
2,258,5.0
98,2331,4.5
34,836,5.0
44,1503,3.0
100,1534,2.5
40,1977,1.5
5,2409,2.0
53,1948,2.5
33,2277,1.5
21,1941,4.0
37,1343,3.5
26,1222,5.0
98,565,1.0
10,2564,0.5
9,729,0.5
17,1908,1.0
39,1804,1.0
3,246,4.5
90,1331,2.5
38,1049,3.5
71,2566,5.0
1,59,0.5
67,327,1.0
17,2596,4.5
19,2457,5.0
70,48,2.5
95,2469,4.0
82,1106,1.5
6,1251,3.5
10,2765,0.5
19,1453,3.5
92,2157,4.0
65,295,5.0
59,227,4.5
52,2031,1.0
6,541,0.5
60,2561,4.0
15,1386,2.0
35,579,3.0
28,454,1.0
93,1904,1.0
81,292,3.5
84,231,2.5
16,142,4.0
43,3,3.0
97,2230,1.0
7,2681,5.0
24,317,4.0
15,324,1.5
79,745,4.5
30,2430,2.0
41,339,4.0
48,588,3.0
99,2679,1.0
22,1005,3.0
33,1202,4.0
65,574,3.5
59,1880,0.5
54,112,4.0
69,1007,2.5
59,1574,2.5
62,2351,4.0
76,561,5.0
90,1132,4.5
16,1567,0.5
41,1214,5.0
22,2386,5.0
25,2657,2.5
32,30,4.0
4,19,0.5
64,2419,5.0
13,634,4.0
13,1510,3.0
81,35,4.5
79,1927,3.5
90,743,3.5
52,550,2.5
58,783,2.0
87,2168,3.0
29,772,1.0
48,2184,0.5
9,2,0.5
16,682,1.5
56,1571,1.0
42,539,1.0
100,1423,4.5
5,1162,3.0
59,2722,3.5
51,1537,4.0
12,2129,5.0
51,466,5.0
33,640,4.0
17,1667,3.5
63,1101,1.5
80,2677,1.0
4,315,1.0
18,2079,0.5
12,2233,3.0
27,2377,5.0
3,2568,0.5
32,2805,3.0
28,345,2.0
11,1420,4.5
45,420,5.0
94,1170,2.5
15,2497,2.0
7,305,2.5
81,2514,1.0
45,2007,1.0
33,1600,1.0
76,679,0.5
40,156,1.5
54,1520,3.5
52,1451,3.0
39,2274,4.0
25,1952,4.5
85,942,5.0
9,35,4.5
98,1837,3.5
75,2319,1.5
66,1288,3.5
39,1335,4.0
24,128,4.5
66,1991,2.5
50,1484,3.5
8,471,3.0
61,1047,0.5
14,1029,3.5
34,183,3.0
17,685,3.5
86,1897,4.0
23,1609,1.0
94,1453,2.5
80,1542,1.0
44,2273,1.5
81,2657,2.0
2,2348,2.0
69,2269,0.5
67,833,3.5
28,1160,3.0
30,1830,3.0
28,2699,4.5
13,153,5.0
23,1384,1.5
16,2673,3.5
82,2071,3.0
55,763,3.0
18,1387,4.0
19,2636,3.5
85,2303,3.5
58,2665,4.5
33,2559,2.5
65,1896,1.5
35,1211,1.0
35,2220,2.0
43,457,3.5
15,1998,4.0
72,444,2.0
75,2593,1.0
36,1088,1.5
38,1810,5.0
48,1484,1.0
8,223,1.5
99,1484,3.5
41,555,1.5
64,2260,1.5
21,747,3.5
2,1610,4.0
9,1813,1.5
80,2516,1.5
88,959,4.5
71,209,1.0
33,2588,4.5
85,2137,3.5
68,1496,3.0
62,1847,3.5
8,1506,1.0
4,2671,4.5
55,2085,0.5
2,1851,5.0
20,2791,1.5
28,1506,2.5
66,309,4.0
94,1105,3.5
23,880,4.0
11,968,3.5
68,1751,3.5
82,574,2.5
78,897,0.5
76,1542,1.0
96,1731,1.0
82,1587,1.5
10,1571,4.5
77,1039,1.0
93,650,1.5
24,2369,2.5
89,2071,5.0
50,1431,2.5
100,2133,1.5
59,492,1.0
82,1883,2.5
53,133,3.5
37,2040,2.5
60,48,4.0
21,1391,0.5
28,1514,1.0
69,17,3.5
49,2186,1.0
43,576,1.0
35,2168,4.0
28,1380,4.5
66,2695,1.0
13,1794,4.5
24,2377,2.5
19,2246,5.0
90,1538,3.0
20,1390,4.5
95,298,3.5
41,26,0.5
91,411,2.0
59,1027,1.5
26,576,3.5
13,2510,2.5
21,1618,3.0
17,2,3.5
26,2537,5.0
62,2806,2.5
74,2331,3.0
40,2074,1.5
41,2679,3.5
54,1313,1.5
61,2247,5.0
44,2220,3.0
63,2566,4.0
64,2602,3.5
37,2695,2.0
27,1,4.5
57,2377,4.0
86,1096,3.5
51,757,4.0
2,438,3.5
49,2689,4.0
36,2236,4.5
79,365,1.5
70,1618,2.0
30,2591,2.0
55,2623,1.0
1,2526,4.5
70,1974,3.5
53,613,3.0
84,2778,3.0
29,1941,1.0
5,634,0.5
93,2237,2.0
93,1563,3.0
95,1047,1.5
28,759,1.5
4,945,3.5
32,116,5.0
95,2619,1.5
91,1356,3.5
69,1998,5.0
55,1950,4.5
4,575,3.0
58,1165,2.0
86,1473,0.5
52,10,4.0
68,1728,3.5
35,2286,3.5
18,2687,1.5
92,2235,0.5
94,1930,3.5
56,2105,3.0
75,2788,2.5
39,1442,3.0
92,2459,1.0
45,1751,0.5
7,1408,2.0
88,2044,1.0
86,1600,2.0
24,1174,5.0
99,426,1.0
89,1927,1.5
62,2031,3.0
88,1671,1.5
10,1722,3.0
80,591,1.0
96,635,4.0
36,2039,4.0
37,417,1.5
34,1079,3.5
40,601,1.0
30,2568,4.0
23,183,1.5
99,642,2.0
87,1933,3.5
82,1413,5.0
62,1682,1.5
66,306,3.5
83,2782,1.5
98,1459,4.5
10,2492,2.5
94,1261,3.0
89,103,2.0
79,2421,1.5
58,2646,4.0
95,1581,2.5
41,44,4.0
53,1463,4.5
92,1221,5.0
18,1117,1.5
98,1655,1.0
42,163,3.5
64,478,4.0
52,2438,4.5
50,1750,1.0
53,53,1.5
26,2171,4.0
10,2421,4.0
100,2015,2.5
43,69,4.5
94,2685,3.5
97,875,3.5
88,578,2.0
52,1736,4.0
14,924,2.0
99,1038,2.5
69,116,4.0
100,2078,1.5
95,753,3.5
49,1552,2.0
14,1603,2.5
75,343,0.5
88,1414,1.0
90,1625,2.5
8,78,0.5
19,1928,2.0
24,1266,4.0
76,1257,0.5
48,2433,1.0
44,1084,3.5
33,688,5.0
45,1506,3.5
46,1504,4.0
16,1887,4.5
23,2565,3.5
73,1538,4.0
97,218,3.5
92,2325,4.0
86,1793,2.5
78,686,4.5
5,1764,4.5
38,2370,3.5
94,2025,4.0
82,1947,3.5
33,2809,3.5
14,955,2.5
59,704,4.0
34,2719,4.0
97,430,3.0
13,1092,3.5
94,1830,3.0
35,62,4.5
36,551,1.5
18,1640,3.0
33,1731,1.5
21,2683,2.0
68,1493,5.0
12,2631,1.5
72,2464,4.5
64,2256,2.5
69,133,5.0
45,558,3.5
87,1699,5.0
34,959,2.5
28,1857,3.5
16,938,5.0
48,1525,4.5
83,2332,0.5
71,678,4.0
4,426,2.0
91,1307,2.0
64,1911,2.5
2,326,4.0
94,1736,4.0
30,2100,1.5
78,1760,2.0
82,1510,2.0
61,2141,4.0
86,1148,1.5
90,2181,1.5
13,1849,2.0
78,1366,3.0
82,1543,2.0
4,2473,4.5
20,2360,3.5
7,2476,1.0
81,2018,1.0
96,307,0.5
15,37,5.0
33,2285,4.5
48,2613,2.5
10,809,2.5
21,1274,1.0
16,1974,2.0
65,282,2.5
48,781,1.5
5,1650,3.0
99,1020,3.0
65,1046,1.0
3,789,2.5
83,746,3.5
54,2286,0.5
20,967,1.5
57,1517,0.5
25,2633,4.5
14,2226,0.5
50,949,3.5
65,306,2.5
24,1350,4.5
79,855,0.5
69,1785,1.0
8,356,3.0
91,2813,0.5
83,1337,2.5
57,1469,5.0
15,2038,1.5
31,41,4.5
46,613,2.0
91,331,3.0
30,709,3.0
25,2715,3.0
89,672,2.5
42,1014,4.0
61,870,2.0
91,725,1.0
87,329,4.5
99,2380,4.0
15,893,3.5
4,797,2.0
67,1008,2.0
7,2508,3.5
4,954,2.5
46,1736,0.5
66,1130,4.0
32,2065,3.5
24,2612,0.5
27,793,4.5
60,65,3.0
51,1093,3.5
12,385,4.5
71,724,4.5
79,918,0.5
89,2214,3.5
66,270,2.5
27,1257,0.5
93,1504,3.5
37,2410,2.0
8,1615,2.5
11,2214,3.0
15,98,4.5
98,1023,5.0
18,2597,0.5
33,1436,3.0
83,2539,3.0
20,2128,4.0
13,1338,2.0
11,551,4.0
28,1737,1.0
41,1554,0.5
75,1910,3.5
73,2405,2.5
41,370,0.5
25,1904,3.0
12,1286,2.5
22,905,0.5
67,1852,0.5
72,1266,5.0
5,1728,1.5
88,477,4.5
40,1,2.0
55,2360,4.0
44,2803,0.5
70,1380,0.5
39,1808,4.5
92,753,1.0
13,1037,3.5
30,305,1.0
25,492,0.5
99,2426,0.5
97,369,4.5
91,2815,4.5
25,1823,3.0
73,1624,0.5
38,173,1.5
58,1632,0.5
30,621,3.0
97,574,4.5
5,162,2.0
15,618,1.5
34,1053,2.0
14,2399,2.5
49,2631,3.5
31,1340,0.5
70,1916,1.5
1,806,1.0
65,2323,4.5
77,2253,2.0
84,1883,4.5
13,764,4.0
88,73,3.5
56,2273,4.0
93,2445,5.0
26,2322,2.0
1,1979,3.0
44,1062,4.0
15,1778,0.5
45,759,1.0
83,673,4.0
62,386,1.0
1,550,1.5
35,1887,4.5
72,2101,1.5
24,2260,2.0
55,2426,0.5
64,1201,4.5
18,2550,0.5
93,348,4.5
82,277,0.5
53,2388,3.0
3,1671,4.0
12,2213,4.0
5,1071,4.5
58,2004,4.0
41,2089,3.5
72,981,0.5
7,634,0.5
79,504,5.0
99,1552,2.5
83,1709,4.5
89,365,0.5
31,2274,3.5
64,540,0.5
15,1814,5.0
9,850,4.0
2,2585,4.0
24,2007,4.5
64,1385,0.5
7,701,4.5
22,1196,1.5
92,550,2.5
43,2429,1.0
49,2644,3.0
99,931,5.0
66,94,2.5
2,2117,2.5
8,827,4.5
36,1590,1.0
78,1449,3.0
29,453,1.5
8,2418,4.0
35,75,4.0
89,825,5.0
25,2349,2.0
45,1026,2.0
36,461,5.0
44,283,1.5
43,745,1.5
99,2362,3.5
44,937,1.5
21,1136,4.5
65,2432,1.5
90,1503,2.0
6,2491,4.5
58,1810,3.0
9,2143,1.5
46,68,3.0
5,979,2.5
49,1403,3.0
40,1180,2.0
38,381,1.0
55,1767,5.0
13,446,0.5
90,1508,1.0
20,1534,4.0
82,2109,3.5
87,2547,3.0
90,1240,0.5
28,359,3.0
13,1125,5.0
82,205,3.5
100,2452,1.5
83,33,2.5
88,632,2.0
21,482,3.0
100,131,4.0
8,1309,3.5
8,1679,4.0
8,2196,4.0
63,392,1.0
29,2461,4.5
69,1145,1.0
33,1912,0.5
92,1978,4.0
79,28,0.5
61,337,0.5
76,2407,5.0
45,2405,2.0
1,1267,2.5
18,921,1.5
27,815,3.0
6,1699,5.0
11,2702,4.5
79,1434,4.5
83,742,1.5
44,2746,0.5
94,444,3.0
87,531,1.0
60,467,1.5
70,1597,0.5
73,2680,3.5
74,1073,3.5
75,1357,4.5
40,403,3.0
60,2424,2.5
43,553,4.5
81,1638,0.5
26,1458,0.5
93,385,1.5
92,927,3.0
40,2415,3.0
64,1613,1.0
28,156,4.0
17,997,4.0
72,6,4.0
37,691,1.5
47,654,5.0
10,1952,3.0
59,2022,4.0
83,2712,2.0
85,1180,0.5
43,2706,5.0
63,1730,5.0
19,1531,3.0
72,2769,5.0
52,1361,2.5
40,1071,5.0
44,2771,2.5
20,1290,5.0
87,908,1.5
2,139,5.0
6,1466,1.0
22,2309,2.0
54,743,0.5
34,1540,3.5
97,2730,1.5
32,2570,4.5
98,750,1.0
63,1991,2.0
6,504,3.0
89,2116,2.0
52,1560,0.5
38,1928,5.0
25,1984,0.5
71,2230,1.5
82,1003,2.5
66,1872,3.5
24,697,1.0
63,850,4.5
1,130,4.0
2,1422,2.5
86,2596,5.0
84,2259,4.0
32,2791,1.5
53,1770,3.0
44,2074,0.5
99,2230,3.5
48,2116,1.0
64,421,0.5
31,352,3.0
87,1940,3.0
59,1445,3.0
36,1833,1.5
41,71,0.5
19,1111,5.0
8,286,1.0
23,625,5.0
53,1740,2.5
53,369,3.0
15,1727,4.0
49,1287,4.0
97,2406,2.0
73,1051,0.5
80,461,1.0
37,1219,4.0
97,2479,3.0
100,1568,4.5
68,1340,4.5
91,2742,1.5
6,136,4.0
4,949,3.0
79,2423,4.0
17,2067,2.0
86,2688,1.5
14,281,1.5
52,1602,3.5
91,974,2.5
26,769,4.0
60,2610,3.5
67,143,2.0
79,2327,3.0
84,1732,2.5
93,2668,1.0
81,224,1.5
95,679,4.5
26,2520,4.5
10,2130,5.0
72,1415,1.5
65,2322,4.5
88,2052,3.0
13,872,2.0
65,1575,2.0
35,101,0.5
10,1503,3.5
1,965,1.5
36,2490,2.0
7,1846,1.5
17,2162,3.5
100,1340,0.5
55,1157,2.0
25,1254,4.0
7,1931,5.0
11,1556,3.5
20,1816,3.5
87,1050,2.5
46,614,3.5
7,1642,4.0
7,561,4.5
28,2676,3.5
60,1463,3.0
42,2441,3.5
83,744,3.5
19,1859,4.5
30,1404,2.5
31,1468,1.5
15,2004,5.0
46,584,4.0
54,321,4.5
13,1118,3.5
21,2516,4.5
27,2682,3.5
98,1798,5.0
64,1667,5.0
57,355,4.0
79,217,4.5
38,2704,4.5
2,2178,1.0
71,744,1.0
81,576,1.0
43,1450,1.5
39,141,1.5
10,134,1.0
86,1859,4.5
61,1780,4.0
84,2104,4.5
40,616,3.5
59,151,5.0
77,1262,1.5
21,413,2.0
34,2772,2.0
95,1901,1.5
94,1826,0.5
15,1038,3.5
63,396,0.5
28,2795,2.0
83,1170,3.5
10,447,2.0
99,502,5.0
100,1769,3.5
61,2634,4.5
48,1372,4.0
50,2032,2.0
61,1606,1.0
32,1280,3.0
90,924,3.5
96,1676,1.5
49,858,1.5
20,589,5.0
18,581,4.5
21,1160,0.5
66,1765,2.0
48,475,3.5
19,2677,3.0
12,788,4.0
34,2816,4.0
47,533,2.0
10,1609,4.5
44,2197,5.0
81,2541,1.0
30,2103,4.5
78,2306,1.0
92,290,4.0
34,2546,4.0
74,992,3.0
94,258,4.5
37,32,2.0
77,2592,3.5
15,1453,2.5
39,2049,4.5
57,1512,2.5
43,1978,0.5
38,1533,4.0
89,1958,0.5
22,1045,4.0
60,2649,4.0
14,255,1.0
1,536,4.0
83,958,2.0
10,1547,2.5
2,964,3.5
71,358,4.0
56,2547,0.5
29,1764,4.5
58,1765,1.5
22,1888,1.0
54,1579,1.5
23,472,1.0
62,460,4.0
9,459,1.5
43,2096,2.0
13,1127,0.5
62,190,1.5
72,1961,3.0
90,879,5.0
56,2717,4.0
64,2135,1.5
50,2223,3.0
3,269,3.0
3,1314,4.0
77,1057,3.0
80,1407,5.0
59,2180,2.5
79,669,2.0
61,1034,2.0
3,1824,4.0
92,543,1.5
17,1371,2.0
85,418,1.5
35,1371,3.0
50,2422,1.0
76,1678,4.5
15,1127,4.5
80,1413,2.5
78,323,1.0
19,16,0.5
11,797,3.0
31,1287,3.0
80,2751,2.0
39,441,0.5
7,1509,1.0
24,1674,0.5
24,609,2.5
96,2110,4.5
62,1314,0.5
2,2685,2.5
17,1974,1.0
91,1596,2.0
36,682,1.0
4,656,1.0
40,1807,1.5
43,2800,3.5
92,1760,3.5
82,1273,0.5
23,1435,5.0
84,1591,2.0
3,1038,5.0
19,353,4.5
4,1314,0.5
56,1518,4.0
32,259,1.5
55,83,1.0
74,1826,4.5
63,2078,0.5
82,1505,1.5
43,2665,3.0
88,1937,2.0
7,1729,1.5
52,1694,0.5
75,1311,1.0
97,1014,3.0
27,1807,2.5
43,1609,3.5
90,79,5.0
30,1889,2.5
38,2713,2.0
69,2406,4.5
88,2426,1.5
11,1315,1.0
30,378,2.0
25,1368,4.0
33,447,4.5
3,1275,3.0
75,358,3.0
3,95,5.0
37,1873,3.5
76,498,2.5
15,2130,0.5
96,1159,0.5
18,1021,0.5
60,820,4.0
61,395,1.0
54,2255,4.0
20,1426,4.5
87,2045,2.5
88,1491,1.0
8,2548,4.0
39,2642,5.0
57,2086,3.5
71,267,5.0
19,2551,2.0
86,1456,4.0
44,1665,2.0
25,2746,3.5
86,1440,3.5
44,2477,5.0
50,718,0.5
17,2725,2.0
7,1071,2.5
30,1657,2.0
51,2800,2.0
17,1748,2.5
14,2482,3.0
10,2294,2.0
21,1031,1.0
28,2651,4.5
93,576,3.0
37,538,0.5
55,1370,3.5
90,1926,0.5
17,2436,3.5
100,2703,1.5
20,1102,3.0
6,2410,2.0
20,522,5.0
15,1666,1.5
29,1048,4.0
30,616,1.0
81,564,1.0
19,1128,5.0
17,1194,3.0
38,1452,1.5
3,841,2.5
4,2465,3.5
64,307,2.0
38,1027,4.5
33,883,0.5
69,269,3.5
43,974,3.5
42,615,4.5
2,2264,2.0
38,591,4.5
14,2404,5.0
49,2180,4.0
68,2809,2.5
21,1404,3.5
69,2715,5.0
85,1577,4.0
24,1472,1.0
37,122,3.0
9,90,3.5
68,2321,5.0
27,1759,5.0
48,2054,4.5
20,2138,2.0
4,746,1.0
40,2758,2.0
8,380,4.5
31,2508,4.5
68,2431,1.0
25,538,1.5
87,688,4.5
57,1881,4.5
32,1885,5.0
86,1907,0.5
3,2641,2.0
36,2208,1.5
37,2673,5.0
18,2354,5.0
8,1428,1.0
32,1365,1.0
49,1226,0.5
53,2493,3.5
39,2016,1.0
8,2175,2.0
92,1114,1.5
5,2421,1.0
35,1553,4.0
87,1079,0.5
16,217,2.5
98,536,1.0
90,2495,5.0
3,2278,1.5
66,2287,2.0
55,1867,3.0
5,2348,3.5
61,2547,3.0
97,592,4.0
73,1985,4.0
16,912,3.5
89,2441,0.5
95,221,5.0
92,2358,4.0
27,2239,2.5
20,597,2.5
68,2478,1.5
15,335,3.0
72,1535,1.5
86,1398,4.5
35,2643,1.0
57,2349,3.5
95,670,2.0
59,1886,2.0
23,1943,5.0
15,1919,2.5
3,43,3.5
100,2573,5.0
91,1687,1.0
5,2080,4.5
36,347,1.5
77,1612,5.0
99,519,5.0
88,2158,2.5
76,134,1.0
42,52,1.5
67,1214,4.5
82,1067,3.5
24,631,3.5
32,1938,2.0
8,1682,2.0
83,2095,3.5
51,2710,3.5
34,1406,4.5
96,2187,2.5
66,2338,3.0
93,585,2.5
91,2277,2.0
82,578,2.5
65,2561,0.5
34,2564,1.0
26,1729,2.0
30,2786,1.0
13,393,2.5
20,610,2.5
35,1350,4.5
28,587,4.5
44,336,3.5
38,128,3.5
98,2434,2.5
62,1762,5.0
26,1640,0.5
12,2229,1.5
65,186,2.5
7,623,0.5
36,960,1.5
68,1268,3.5
70,406,2.0
59,916,2.0
41,398,2.0
61,1236,5.0
65,2410,1.0
95,1412,2.0
23,1826,2.5
1,306,2.5
37,436,5.0
95,2800,1.0
47,974,2.0
31,1257,1.5
73,873,3.0
48,735,3.5
7,879,4.5
66,294,1.5
4,88,3.0
32,2538,3.5
72,1841,5.0
26,1108,1.5
15,2576,2.0
86,1079,2.0
36,1235,2.0
33,1990,4.5
45,271,4.0
18,1556,3.5
73,123,1.5
83,1393,1.0
80,284,1.0
76,2585,3.0
39,2463,0.5
4,1448,0.5
69,1666,1.0
44,842,3.0
100,1826,3.0
21,393,1.5
51,2111,1.5
78,322,3.5
45,339,1.5
70,2388,4.5
60,1564,2.0
4,665,2.5
77,2150,3.0
89,2152,5.0
19,1180,5.0
5,1456,2.0
64,922,4.5
58,284,2.0
32,2700,4.0
90,57,1.0
59,2434,0.5
13,2486,0.5
39,1210,3.5
61,2272,4.5
37,1475,3.5
85,1834,4.0
31,34,5.0
29,2501,0.5
35,2024,3.0
36,577,5.0
88,1820,1.5
68,1348,3.0
73,2651,4.5
52,2810,5.0
54,986,4.0
70,272,3.5
50,270,5.0
60,654,3.0
22,897,5.0
24,1053,3.5
60,2485,3.5
88,620,2.5
93,14,4.0
40,1745,3.5
93,146,4.5
91,1517,4.0
49,146,1.0
96,704,5.0
46,2634,3.5
60,2248,4.5
62,224,4.5
98,2581,0.5
48,1859,1.5
31,293,2.5
20,482,1.0
1,1888,2.5
98,1660,1.5
96,1398,1.5
50,2275,2.0
2,1177,2.0
95,2121,3.0
52,2268,3.0
10,268,0.5
47,2385,5.0
80,1267,4.5
22,1759,5.0
32,2491,2.0
27,1426,5.0
35,1185,0.5
62,397,3.0
6,1243,4.5
25,2576,4.5
17,2164,2.0
6,1297,5.0
99,888,4.0
21,1227,5.0
21,757,5.0
76,1018,0.5
56,1893,2.0
63,2193,1.0
100,296,1.5
55,2495,4.0
95,1450,1.5
24,478,4.0
77,2527,2.0
21,1408,3.5
63,536,4.0
71,1822,0.5
87,2371,2.5
9,803,5.0
72,630,2.5
68,1429,1.5
70,2136,5.0
15,527,4.5
79,1340,4.0
80,12,1.0
26,1187,4.0
37,1111,0.5
89,830,4.0
77,1438,2.0
63,1888,4.0
15,1599,0.5
15,1247,0.5
31,1756,3.0
17,2728,3.5
92,592,2.0
100,1551,5.0
47,2210,3.0
91,459,1.0
77,2239,1.5
72,2030,2.0
61,2810,4.5
32,1106,4.0
34,1221,3.0
69,2534,4.5
68,1738,4.0
36,2060,0.5
42,2156,0.5
70,1280,1.5
70,1046,3.5
78,889,2.0
61,1626,3.5
4,591,3.0
3,1608,5.0
98,2635,5.0
52,1023,4.5
46,1441,2.0
59,886,0.5
62,2081,2.5
41,710,1.0
32,269,2.5
97,2518,0.5
63,419,3.5
4,237,5.0
68,1254,1.5
13,2173,2.0
78,1753,0.5
11,2756,3.5
72,568,1.0
76,2771,3.5
42,1820,0.5
93,2603,1.5
51,2084,0.5
76,399,1.5
36,167,5.0
68,815,2.0
96,802,0.5
15,336,1.0
100,1599,3.0
19,1575,2.5
81,2388,4.0
62,378,2.0
74,74,2.5
48,1211,2.5
5,2219,4.5
8,529,0.5
9,2211,3.5
19,1893,5.0
53,742,1.0
50,2353,1.5
56,2695,1.5
81,1912,4.0
70,1864,5.0
10,2408,2.0
54,2222,3.0
62,1947,3.5
74,2584,3.5
82,2305,1.5
27,1442,5.0
95,819,1.5
90,1527,3.0
27,1638,2.5
34,1637,3.5
80,1630,2.0
90,106,2.0
71,1918,4.5
67,1019,1.0
86,117,1.0
33,634,4.5
42,157,3.5
59,41,3.5
81,2381,0.5
30,2342,1.5
79,1428,0.5
11,2327,0.5
45,783,2.0
69,1183,0.5
68,2752,2.0
39,1596,0.5
35,10,4.0
77,1233,3.5
81,553,0.5
75,694,2.0
39,1741,3.0
94,2333,4.5
78,660,5.0
85,1391,5.0
71,199,1.5
23,650,2.0
93,494,1.5
23,613,3.5
34,2131,3.0
61,205,5.0
49,300,3.0
94,1073,0.5
89,2015,1.0
3,644,0.5
76,1485,0.5
67,919,1.5
33,1675,3.0
55,238,3.5
71,1192,1.5
27,585,4.0
98,751,3.5
19,806,0.5
85,146,1.0
31,501,1.5
92,2479,4.0
79,2141,5.0
9,318,2.5
79,937,3.0
82,455,2.0
4,1296,2.0
68,2240,4.0
56,789,2.5
63,535,5.0
72,1008,3.5
58,510,4.0
53,1334,3.0
20,1170,3.0
66,1178,1.0
25,2790,0.5
80,23,4.0
36,919,0.5
14,562,0.5
13,2737,4.0
1,1662,5.0
63,2093,4.5
9,1648,5.0
12,1758,3.0
42,1723,5.0
90,2047,5.0
94,682,5.0
28,469,4.0
31,1372,1.5
8,1210,1.5
38,1728,1.5
62,261,4.5
94,1760,3.5
67,397,3.5
71,2059,2.5
99,1254,4.0
5,2530,2.0
85,2621,5.0
21,1652,1.0
7,952,1.0
37,1529,3.5
40,2145,1.0
80,2113,1.0
60,2643,0.5
66,2235,1.5
15,447,3.0
6,1421,4.5
85,1953,3.5
98,1585,2.5
46,2722,4.0
21,2793,5.0
55,810,2.5
48,1054,3.0
92,2569,3.0
33,782,2.5
97,2045,1.0
28,1675,1.0
65,2387,2.5
99,1337,2.0
89,2051,1.5
14,26,1.5
60,2436,2.0
71,1771,1.5
89,2000,4.0
100,859,2.5
40,222,1.5
94,1451,3.0
89,815,4.5
70,925,5.0
100,2670,2.0
23,497,4.0
80,1818,4.5
92,1898,1.0
12,1531,5.0
98,2070,2.0
67,2559,3.5
92,1179,3.5
37,1465,5.0
60,1481,0.5
48,1671,2.0
90,2385,5.0
39,1669,4.0
77,2448,3.5
3,2335,0.5
16,285,3.0
43,2431,2.0
77,97,3.0
18,1994,2.5
98,1843,4.5
63,2154,0.5
15,613,4.0
73,298,2.0
38,1671,3.5
27,2550,1.5
5,672,2.0
77,346,1.5
49,994,4.0
78,130,0.5
33,154,1.5
18,1710,3.5
19,1446,3.5
15,2444,4.0
31,1608,1.0
37,2144,1.5
55,1617,5.0
4,1818,2.0
9,281,5.0
25,1483,4.0
16,2503,3.0
20,2654,5.0
51,2070,3.5
48,515,5.0
75,2327,1.0
59,1642,3.5
77,2753,4.0
51,2261,3.0
6,1615,3.5
19,1274,2.5
17,1159,4.5
86,356,1.5
76,566,1.5
86,2351,0.5
99,257,1.0
36,2548,1.0
36,1130,3.5
39,1223,0.5
87,2202,3.0
74,895,0.5
1,1499,1.5
87,1682,1.5
66,2330,5.0
59,737,1.5
83,2042,5.0
20,642,1.0
87,2289,3.0
48,2793,2.0
98,1974,4.0
32,1157,5.0
21,1668,0.5
86,2259,5.0
99,1696,3.0
22,1362,3.0
68,2545,4.0
64,2764,4.5
77,2711,4.5
83,16,2.5
98,2563,5.0
48,198,2.5
55,1218,1.0
65,2248,3.5
6,1118,4.0
4,1906,5.0
94,871,3.0
26,1627,3.5
71,2074,3.5
71,2292,1.5
62,2071,1.0
44,1189,5.0
41,57,4.5
94,838,3.0
32,748,2.0
11,1506,5.0
11,2785,3.5
52,544,4.5
53,290,2.5
41,1195,3.0
87,2004,1.0
33,1768,1.0
55,1013,4.0
96,120,2.0
2,2408,4.0
47,449,5.0
92,612,2.5
9,2027,0.5
99,113,4.5
94,2607,5.0
19,1885,3.5
58,382,3.5
13,1046,0.5
37,1600,3.5
40,1859,4.5
82,2066,4.5
57,1856,0.5
50,2270,2.5
89,872,1.5
83,974,2.5
25,1971,4.0
56,648,0.5
14,1717,3.0
83,1740,4.5
61,2260,3.5
50,1668,4.0
26,859,4.5
62,2354,2.0
46,579,4.0
67,2603,5.0
78,1387,3.5
84,1555,4.0
6,2473,4.0
72,211,5.0
75,1893,2.5
55,1432,3.5
43,1164,4.0
32,452,4.5
92,2438,2.5
9,2104,5.0
29,825,1.5
33,65,4.5
3,668,3.0
25,2572,2.0
43,1773,3.0
45,147,2.5
78,1178,1.5
90,1220,5.0
46,155,3.5
54,1639,4.0
6,1835,1.0
94,902,2.0
60,1566,4.5
31,1564,2.5
60,1790,1.5
67,504,5.0
100,159,2.5
81,552,5.0
18,2519,3.5
84,1083,5.0
28,1938,1.5
30,2791,0.5
85,1743,4.5
18,2227,3.0
5,523,1.5
27,164,1.5
45,2638,1.0
70,414,4.0
27,1773,1.5
49,926,4.0
23,883,3.0
49,2456,2.0
62,1055,4.0
48,894,4.5
95,1458,3.5
45,1263,1.5
12,2321,5.0
64,2006,1.5
86,1579,4.0
50,1766,2.5
93,2204,3.0
38,1963,3.5
56,643,0.5
20,402,1.0
48,2283,2.0
70,2167,1.5
29,1520,3.5
3,1201,1.0
87,1618,1.0
94,1395,1.0
60,503,1.5
4,2603,1.5
64,1081,2.5
40,2123,1.0
64,16,0.5
24,1709,2.5
97,171,1.0
42,2228,5.0
81,2153,3.5
74,1460,4.5
4,554,3.5
35,1464,1.0
86,2651,0.5
3,2298,2.5
53,953,4.5
15,1457,1.0
66,407,4.0
45,1261,1.0
19,1657,4.0
33,2593,5.0
83,2395,0.5
38,867,4.0
13,2397,5.0
43,101,1.0
77,2397,1.5
62,596,3.5
53,2531,3.0
36,30,3.5
86,1405,4.0
32,930,5.0
56,1077,2.5
7,724,3.0
36,1996,4.5
64,206,0.5
5,2760,3.5
70,1558,2.0
86,91,0.5
63,416,5.0
55,1245,2.0
30,2530,3.5
48,1815,1.0
99,1606,4.5
18,1870,0.5
49,695,2.0
61,1440,1.0
28,983,2.0
61,1437,1.5
83,324,4.0
81,2380,2.0
92,2724,2.5
100,1800,0.5
89,50,3.0
92,2609,5.0
56,675,4.5
92,259,3.5
88,2454,0.5
56,2465,2.0
74,2658,3.0
50,508,1.5
84,87,3.0
60,575,2.0
94,2412,1.5
41,1423,1.5
60,679,5.0
17,1775,2.5
80,242,1.0
14,2534,4.0
61,1279,0.5
29,2234,3.0
59,1904,1.0
25,1747,0.5
99,1874,4.5
38,2098,1.5
1,2035,3.0
58,1148,0.5
46,403,0.5
12,880,3.5
78,2385,4.0
40,2173,3.0
85,1134,0.5
30,2462,3.5
5,2257,5.0
67,721,3.0
67,2009,4.5
100,1931,5.0
27,1245,0.5
1,2463,1.5
34,2125,1.5
8,2158,2.5
65,2727,2.5
6,958,3.5
55,1490,3.5
69,2700,5.0
80,1455,1.5
75,1073,5.0
40,2569,1.5
49,804,3.5
39,2635,1.5
24,663,1.0
60,271,1.0
53,87,2.5
10,1469,2.0
46,1478,3.0
96,2287,3.0
52,1511,2.5
94,935,3.0
100,780,1.5
72,1780,5.0
78,1962,3.5
76,814,4.0
83,1901,0.5
62,2255,0.5
47,1546,2.0
96,856,3.0
100,1960,5.0
96,1458,5.0
22,105,1.5
59,742,2.0
44,2387,3.0
97,2569,5.0
79,525,0.5
37,506,1.0
43,1731,3.5
24,2563,4.0
48,560,1.5
13,665,0.5
61,2246,4.0
61,814,2.5
38,1018,2.5
54,2317,0.5
22,2325,2.5
16,2425,1.0
97,1101,2.0
28,195,5.0
61,1124,2.5
28,1383,4.5
92,1836,4.5
52,2700,4.0
89,2615,4.0
88,2736,3.5
99,280,1.0
50,740,1.0
60,76,3.5
56,1845,2.0
12,933,1.0
32,497,1.0
71,810,4.5
32,2440,3.0
88,1693,2.5
54,516,5.0
99,273,4.5
56,1862,3.5
44,1388,1.5
36,774,2.0
39,39,1.0
68,2491,1.5
1,844,3.5
71,782,0.5
61,1873,3.0
54,1925,1.0
73,1575,5.0
53,179,1.5
95,1446,1.0
99,115,4.0
23,98,2.0
90,2710,1.0
93,45,2.5
43,1497,3.0
87,1449,5.0
3,1075,1.5
40,1425,0.5
2,2683,1.5
3,771,5.0
22,779,5.0
88,2775,3.0
88,1706,4.5
55,2708,2.5
17,1402,1.0
25,2266,1.5
59,357,1.5
64,2433,4.0
31,2187,4.0
80,1480,4.0
4,2279,4.5
22,1831,0.5
13,131,4.5
41,483,1.5
46,1437,1.0
81,1375,1.0
14,2205,5.0
58,2022,3.0
42,2721,2.5
45,2748,4.5
35,2175,3.0
87,1033,0.5
22,863,3.0
15,1299,3.5
41,1389,1.0
50,491,3.0
50,1056,3.0
13,448,2.0
32,1913,2.0
70,328,4.0
33,2342,1.0
92,968,3.0
74,1835,1.0
66,290,3.0
12,2301,3.0
68,797,1.5
62,177,2.0
81,640,1.0
67,2431,1.0
31,2642,5.0
71,2348,4.0
40,590,1.0
30,505,5.0
62,1213,1.5
93,1390,4.5
20,2039,3.0
81,733,1.5
24,824,3.0
35,408,0.5
71,1622,4.0
45,1066,4.5
19,2705,1.5
19,2217,4.5
53,1152,2.5
29,865,2.5
46,444,4.5
53,90,1.0
41,1756,1.0
59,513,5.0
85,517,1.5
44,1130,3.0
20,1482,0.5
11,2062,2.5
1,2800,4.5
40,571,3.0
30,1554,4.0
47,1080,0.5
26,533,3.0
60,1607,0.5
28,1039,2.0
22,2755,4.5
53,2206,4.5
85,1580,2.5
49,2764,1.0
69,1363,4.5
11,514,5.0
89,419,4.5
17,1276,1.5
23,1668,3.0
5,619,1.0
83,5,5.0
57,1519,1.0
93,1321,1.5
58,1221,1.5
38,2641,1.0
21,1567,3.5
2,816,3.5
77,2736,3.0
91,2036,1.5
65,362,4.0
5,754,0.5
45,810,1.5
63,2533,3.0
58,1964,1.0
35,1700,5.0
29,1144,3.5
2,1706,2.5
84,1300,5.0
48,1753,1.0
29,2630,3.0
26,2313,3.5
78,1630,4.0
55,826,1.5
72,1295,2.5
59,1614,3.0
15,1955,3.0
57,284,5.0
31,1978,1.5
60,1511,1.0
36,1481,4.5
72,2298,4.5
15,1553,2.0
28,612,4.0
52,88,3.0
39,770,2.0
53,2782,3.5
53,1243,1.0
70,723,5.0
99,1747,4.0
53,984,4.5
42,444,3.5
42,334,2.0
4,2651,0.5
30,1158,1.5
32,54,0.5
43,1987,1.0
30,2055,4.0
42,1302,3.0
3,1420,5.0
43,2581,3.0
85,2491,2.5
74,594,1.5
17,2190,2.5
73,62,2.5
23,1687,4.5
68,2588,1.0
53,1169,4.0
99,1670,2.0
23,844,3.5
45,47,5.0
87,1121,4.5
84,80,1.0
63,1039,2.5
27,1325,1.5
43,1723,1.5
66,2686,2.0
7,1862,4.0
34,180,0.5
48,98,0.5
48,1992,3.5
22,2052,4.5
16,1770,0.5
4,2214,1.5
2,1667,1.0
23,2311,2.5
28,2474,4.5
99,170,1.5
68,175,3.5
40,1957,1.5
68,1486,1.0
93,2298,4.5
91,2700,3.5
14,1911,2.5
31,140,3.0
79,936,4.0
68,2074,2.0
26,812,4.5
35,162,4.5
9,722,0.5
44,632,4.5
14,1990,3.0
98,2345,5.0
45,2619,4.0
84,2134,4.5
71,2355,3.0
16,1750,2.5
23,1508,0.5
8,198,1.5
10,1689,5.0
72,298,2.0
21,694,0.5
74,1627,2.0
66,758,1.0
63,251,2.0
86,581,0.5
87,1508,4.5
100,2086,1.0
41,1411,0.5
82,2423,3.0
83,883,3.5
99,943,2.5
82,541,4.5
18,2322,5.0
30,2457,5.0
35,1474,3.0
17,2172,1.0
66,574,5.0
5,710,3.5
48,811,2.5
58,2132,3.5
59,1437,2.5
89,2328,1.5
14,1260,4.0
43,646,4.0
31,1119,1.0
74,1771,3.0
2,2691,3.5
75,2398,5.0
80,407,3.5
95,2268,5.0
56,1091,2.5
26,1925,2.5
3,1397,0.5
52,2259,2.5
79,826,0.5
5,1358,4.0
12,1682,2.0
60,874,4.0
11,2462,4.0
52,2718,4.5
48,1364,0.5
64,2123,0.5
77,1657,5.0
89,1727,2.5
4,1863,4.5
27,2270,3.5
94,153,5.0
44,2733,3.0
20,1990,3.0
15,859,4.0
46,1446,2.0
12,774,4.5
17,148,3.5
19,69,4.5
60,1614,2.0
60,2172,5.0
37,996,2.5
26,1302,2.5
74,565,4.0
90,1811,2.0
97,156,3.5
58,666,3.0
77,667,0.5
16,1145,3.0
66,1155,1.0
61,150,0.5
86,1041,1.5
89,1096,4.0
26,521,1.5
21,129,1.5
96,795,3.5
85,201,3.0
29,855,4.0
93,1537,4.0
45,2377,3.0
12,1703,2.5
83,726,0.5
21,553,1.5
59,2271,1.0
30,1129,0.5
43,2413,2.5
14,495,3.0
11,338,4.5
98,1153,5.0
59,542,5.0
44,928,2.5
50,2651,1.0
55,2030,5.0
68,746,1.0
33,1167,3.0
19,2452,3.0
71,1279,5.0
22,8,2.0
14,1540,5.0
96,227,3.0
84,2684,4.5
97,2429,1.5
5,1998,2.0
22,1857,3.5
46,1530,3.5
44,1632,2.5
79,188,4.5
69,1942,5.0
1,642,4.0
54,1731,1.0
22,2344,1.5
67,2689,2.0
34,2277,3.0
14,1492,3.5
53,474,2.5
40,545,5.0
99,416,2.0
52,1136,5.0
45,338,2.5
2,2334,2.0
1,1939,3.5
9,2610,3.0
3,1687,4.0
98,2707,2.0
26,1404,4.0
49,1703,4.5
42,1693,3.5
10,2214,1.5
47,2091,3.5
27,2773,4.5
74,257,3.0
83,2025,0.5
68,2371,2.0
64,1495,3.0
44,2662,4.0
66,862,0.5
3,2610,2.5
86,2499,3.5
48,1506,1.0
48,1105,5.0
83,2391,4.5
25,1646,3.0
81,2739,3.5
10,1185,5.0
84,203,1.5
89,1671,4.0
22,2418,1.5
97,2703,4.5
40,320,1.0
6,2508,1.0
24,2155,1.0
78,245,3.5
98,284,1.5
18,432,2.0
45,505,2.5
71,2669,2.5
29,1435,0.5
31,21,1.0
21,1862,4.0
62,2256,0.5
91,2793,0.5
54,1128,5.0
73,1068,4.5
47,1136,1.0
56,2788,4.0
5,1302,1.5
2,692,3.5
38,1731,1.5
61,325,0.5
11,1042,2.5
89,1863,3.5
53,1220,3.0
43,137,3.5
15,1647,3.5
25,562,3.5
30,756,2.0
73,2517,4.5
100,1056,2.5
83,1186,5.0
73,2735,1.5
68,839,5.0
5,2039,5.0
66,2550,3.0
81,722,2.5
2,33,1.0
23,1445,2.5
99,757,3.5
33,428,0.5
14,1144,2.5
56,453,3.0
65,2087,0.5
73,1442,3.5
2,1314,5.0
63,2379,5.0
93,1329,5.0
58,169,1.0
31,2690,3.0
73,913,4.0
2,433,5.0
14,1263,3.5
44,808,3.5
13,1914,1.0
4,1357,3.0
56,1215,4.5
35,435,2.5
78,1103,4.5
42,540,2.5
8,2103,0.5
20,770,2.0
83,2577,3.5
14,488,0.5
49,2287,3.5
77,382,1.5
85,1339,4.0
34,572,2.0
45,1020,1.0
72,1301,0.5
56,912,3.0
70,970,4.0
65,2512,4.0
31,1958,0.5
84,2588,3.0
73,2645,0.5
66,1182,4.0
3,548,4.0
100,1349,5.0
46,2263,2.5
91,851,2.0
58,653,1.5
97,844,2.0
17,2082,3.0
16,826,0.5
33,2773,5.0
50,1989,2.5
86,565,1.0
33,631,2.0
9,1665,4.5
96,1578,3.5
98,2087,4.0
34,1628,0.5
71,2651,2.0
94,323,1.5
54,1556,3.5
43,705,0.5
80,773,1.0
14,979,5.0
86,222,0.5
28,1375,4.0
85,186,1.0
22,2816,2.0
24,249,0.5
97,2407,2.0
91,1192,3.5
58,2512,3.0
93,829,3.5
66,1384,4.0
56,556,3.0
4,560,5.0
14,1533,2.5
88,1162,4.5
99,1185,1.5
30,65,1.0
98,475,2.0
74,2449,1.0
39,1246,3.5
13,2216,2.5
68,660,1.5
89,2499,3.5
83,112,0.5
13,2053,5.0
81,876,2.5
79,2484,5.0
2,2754,4.0
13,602,2.5
59,2013,4.5
24,647,5.0
100,2781,2.0
15,2726,1.5
59,1279,0.5
26,1655,3.0
97,2057,2.0
98,624,2.0
64,958,4.5
73,194,5.0
37,731,2.0
54,2257,4.5
17,506,0.5
16,706,4.0
65,748,2.5
31,1026,4.5
69,2492,1.0
38,1688,1.0
43,172,2.5
23,850,0.5
45,2319,3.5
87,2779,4.5
82,1525,3.0
20,1775,1.5
17,2327,4.0
74,275,2.0
75,1104,1.0
17,315,2.5
49,1941,1.5
59,932,4.5
64,1548,1.5
1,414,5.0
90,2335,4.5
77,286,2.5
60,23,4.5
58,2152,2.5
84,2809,3.5
20,839,2.5
29,810,1.5
16,1758,2.5
97,2575,1.0
24,1746,2.0
37,683,3.0
60,950,3.0
85,862,2.0
20,1110,1.5
68,344,3.5
34,199,3.0
9,579,2.5
25,1980,3.5
14,482,3.5
80,2437,2.5
88,1025,3.0
21,664,4.5
74,1104,4.5
71,2657,1.5
40,1484,0.5
99,1845,0.5
43,4,3.0
68,372,4.5
76,359,2.5
2,1469,2.0
34,256,4.0
53,1257,5.0
91,2243,2.5
44,1793,1.0
78,1523,4.0
11,2107,3.0
46,1126,0.5
99,1530,1.5
31,1234,1.5
18,1600,4.5
13,752,2.5
56,2490,2.0
97,1348,3.5
3,2635,4.0
63,2161,3.0
48,1227,4.0
53,2023,5.0
14,878,0.5
82,2061,3.0
54,2200,1.0
27,1483,3.0
63,2600,2.5
69,680,2.5
54,2212,0.5
57,199,1.0
48,472,4.5
7,2806,3.5
72,2418,2.0
7,2783,3.0
71,1626,3.0
17,28,1.5
8,1086,3.0
43,915,2.0
43,152,2.0
76,1503,2.0
77,1468,5.0
69,1515,3.0
8,1316,5.0
3,529,0.5
49,1301,4.5
50,73,3.5
93,1150,2.0
43,1377,3.0
98,1418,5.0
7,1372,1.5
77,811,2.0
17,2552,4.5
95,853,3.5
71,680,1.5
29,856,1.0
83,2314,3.0
11,2263,3.5
74,2654,1.5
5,2192,0.5
34,2538,4.5
78,1988,0.5
90,695,2.5
72,774,3.5
93,1905,2.0
79,1870,3.0
77,1611,1.5
66,2534,4.0
67,871,4.0
24,1766,0.5
32,445,2.5
36,1467,2.5
24,1622,1.0
17,2101,2.0
23,2748,2.5
82,2805,1.0
87,434,2.0
30,1512,4.0
57,896,3.5
19,1774,2.5
21,1980,2.5
23,171,2.5
66,1700,1.0
45,848,3.5
54,2262,1.5
88,2007,1.5
21,2578,0.5
33,2550,1.5
94,1581,1.5
5,1126,2.5
89,1278,2.0
72,417,5.0
69,1995,2.0
35,2774,1.0
15,138,1.0
93,213,1.5
13,2335,1.5
66,1240,2.5
19,1298,4.0
14,700,1.5
12,850,1.5
73,94,3.0
28,2002,2.5
38,1058,5.0
59,183,2.0
82,1732,2.0
2,538,4.5
95,1946,3.0
1,502,2.0
89,458,4.0
46,28,2.0
36,2325,1.0
31,1614,0.5
24,1595,1.0
20,2571,1.5
17,2314,1.0
46,1825,3.5
96,483,2.0
58,91,2.5
89,133,1.5
56,707,4.5
40,1832,4.0
89,833,1.5
87,2280,2.0
38,816,4.5
63,1524,4.0
57,2336,1.0
83,2441,4.5
89,1697,4.0
33,887,1.0
61,101,3.5
41,1131,3.5
63,1981,2.5
62,890,2.5
58,362,4.5
35,2069,4.5
85,2256,1.0
96,1376,2.0
55,2808,4.0
90,476,4.0
71,300,5.0
32,2650,0.5
66,1337,2.0
68,217,2.5
44,1585,3.0
58,1630,2.0
67,2422,4.5
74,2270,4.5
91,1926,1.0
30,2630,1.5
33,837,5.0
97,1528,0.5
86,1601,4.5
39,1195,3.5
93,1931,4.0
18,1421,4.5
25,933,0.5
88,2589,2.0
11,1183,4.0
49,1880,2.5
68,1125,4.0
10,2558,1.0
54,88,1.5
89,1108,3.0
38,1163,1.5
98,2365,2.5
56,194,2.0
95,2439,0.5
46,528,1.0
65,940,2.5
83,2201,3.5
73,992,4.5
2,2303,4.5
95,1028,1.0
36,267,1.5
2,1312,4.5
7,2272,5.0
46,382,1.5
78,1764,0.5
90,2771,2.0
23,1602,4.0
15,53,1.0
7,43,0.5
36,2081,2.5
22,2066,2.5
2,2011,2.0
80,1623,2.5
34,694,3.5
53,1575,1.5
46,37,5.0
28,2141,0.5
72,784,2.5
9,2074,3.5
60,2105,1.5
63,665,5.0
56,1060,1.0
79,377,3.0
35,419,4.0
44,2616,4.5
50,386,4.5
29,515,1.0
78,2600,3.5
8,2485,4.5
51,415,3.0
74,974,3.0
24,1526,2.0
29,1777,3.0
62,1239,3.5
15,260,4.5
48,2290,3.5
88,1834,2.5
38,731,1.5
57,2810,3.0
100,1876,4.0
15,369,3.0
84,536,5.0
76,2788,3.5
100,650,3.0
17,2792,0.5
67,2608,2.5
53,1850,2.0
7,409,3.5
83,2470,1.0
51,1243,1.5
52,2302,2.5
13,1073,2.0
38,2198,5.0
17,357,5.0
17,2415,2.5
11,1682,1.5
13,1007,4.0
96,1485,4.0
27,2209,4.0
26,2310,1.5
7,2041,3.0
68,161,5.0
42,2225,3.5
3,1989,3.0
97,562,1.5
13,2706,0.5
59,1138,4.5
54,320,3.0
6,813,3.5
37,2803,1.5
64,806,2.0
96,2658,4.5
21,791,3.0
91,607,1.0
77,2505,1.5
60,859,2.5
99,333,4.0
78,565,4.5
21,2518,5.0
89,2457,1.5
22,467,2.0
49,523,1.0
20,248,1.5
29,848,0.5
59,1925,2.5
30,2733,4.5
64,1622,3.5
83,813,1.5
11,979,1.5
90,2452,3.0
95,92,3.0
28,2797,5.0
26,759,1.5
59,2131,0.5
33,2713,2.0
51,1502,1.5
45,2540,1.0
4,348,2.5
32,2602,1.5
42,1073,0.5
69,909,2.0
76,1963,0.5
40,1269,2.5
49,435,4.0
54,722,1.0
33,505,5.0
64,2343,2.0
98,449,3.5
27,668,2.5
52,2126,2.0
99,386,2.0
18,562,1.0
47,1948,4.0
77,394,3.0
95,420,5.0
36,103,4.5
55,863,3.5
54,2289,4.5
80,1035,3.5
87,152,1.0
83,2097,1.0
67,1870,3.5
71,2628,4.5
53,2762,3.5
54,682,3.0
48,945,2.5
98,780,2.5
38,61,5.0
23,1041,2.0
72,1168,4.0
76,2528,2.5
98,1776,2.5
20,2637,3.5
71,1169,5.0
90,1242,2.0
20,637,3.0
75,221,2.0
40,2800,5.0
33,1696,4.5
71,2475,1.0
5,2316,2.5
25,1816,2.0
38,2775,4.0
62,2382,2.5
79,1070,3.5
62,533,4.5
56,206,1.5
80,251,2.5
59,331,1.5
74,1359,2.0
11,1485,1.5
98,1187,0.5
28,779,3.0
64,2486,5.0
40,826,4.0
68,101,1.5
35,2060,4.5
46,257,0.5
97,687,5.0
71,395,1.5
12,2159,4.5
10,817,4.0
70,2367,5.0
76,99,5.0
24,388,0.5
31,114,2.0
100,932,0.5
6,2202,1.0
39,2532,0.5
62,2025,1.5
65,1767,4.5
66,743,1.0
55,1107,2.0
82,2121,3.0
72,1589,1.0
14,188,3.0
74,1297,1.5
7,1198,4.5
74,2265,3.0
36,1729,4.0
89,2555,1.5
63,103,0.5
97,2634,2.0
24,259,0.5
72,458,4.5
79,621,3.0
83,1189,1.5
36,831,0.5
69,399,5.0
14,1172,1.0
90,2459,3.0
87,1946,3.0
19,2244,4.0
40,1603,3.5
17,2609,2.0
63,645,0.5
14,2090,5.0
23,2409,5.0
27,1177,2.0
5,5,0.5
81,712,3.5
54,490,4.0
2,1981,0.5
100,1540,4.0
2,988,2.5
58,1986,1.0
7,1996,4.5
69,211,4.0
94,158,0.5
71,1189,3.0
69,1571,1.5
72,402,1.5
14,54,3.0
10,1477,5.0
15,2233,3.0
29,560,2.0
87,1097,4.5
41,1915,3.5
86,1309,3.5
94,1046,2.0
2,2448,5.0
53,1801,2.5
61,1217,2.5
28,1647,2.0
74,569,2.0
66,2614,2.5
3,1040,3.5
54,1815,2.5
73,1243,3.5
93,1333,5.0
22,1529,3.0
42,1999,1.0
18,872,3.0
57,2751,1.5
77,127,1.0
100,102,3.0
66,1353,1.0
9,2308,4.0
87,526,4.0
98,2064,3.5
47,1458,3.5
40,155,4.5
88,2511,1.5
74,840,3.0
62,2444,4.0
24,1783,2.5
5,1161,2.0
69,1702,3.5
2,2768,4.0
42,349,3.5
66,1409,1.5
34,1663,3.5
27,2361,5.0
48,147,2.0
59,1518,2.0
33,2307,1.0
53,1521,2.0
20,2391,0.5
10,554,3.0
9,678,2.0
32,1354,2.0
55,1239,1.0
4,2488,4.0
32,1192,4.0
23,2619,3.5
78,916,1.0
50,1108,3.0
13,2138,4.5
12,1365,2.5
33,2265,0.5
78,54,1.0
71,645,3.0
80,232,4.0
15,1701,2.5
26,843,1.0
12,346,3.5
14,1334,4.0
53,981,2.5
49,2703,3.0
6,2377,5.0
100,747,3.5
6,2199,2.5
11,169,1.0
96,2235,4.5
31,297,3.5
66,260,4.5
40,2699,1.0
50,2619,4.5
64,1661,2.0
26,1530,5.0
71,2400,2.0
62,2150,4.5
48,2108,1.0
34,1409,4.5
13,2529,4.0
53,1007,1.0
40,144,0.5
18,1918,4.0
24,1652,5.0
54,2136,4.5
13,2776,3.5
35,1097,0.5
42,1695,1.5
71,2763,1.5
1,1218,2.5
10,1884,1.5
19,1284,1.0
33,1923,4.0
37,807,1.0
47,1051,3.5
76,2484,3.0
5,1232,5.0
32,2148,0.5
11,2120,2.0
46,2432,4.5
11,92,5.0
66,1601,2.5
98,524,4.5
72,1224,0.5
76,1995,2.5
72,685,4.0
31,2245,5.0
91,1862,1.0
81,1219,0.5
81,725,1.5
33,21,3.5
47,1623,4.0
42,2186,5.0
45,1347,2.0
64,12,3.5
13,2122,2.5
48,1255,3.0
74,946,1.0
38,971,4.0
40,959,5.0
27,1787,1.5
25,2086,1.5
100,1852,3.0
93,258,1.5
35,480,3.0
56,2314,5.0
26,1951,5.0
48,2346,1.5
10,1984,3.0
58,2331,5.0
93,135,3.5
90,2261,2.5
70,2669,5.0
91,1706,3.0
13,2347,5.0
94,112,0.5
38,2333,1.0
59,2526,5.0
37,2668,1.5
37,1776,4.0
65,544,0.5
35,2325,4.0
92,997,5.0
7,1744,0.5
87,85,3.0
98,749,1.0
29,1025,2.0
61,1260,5.0
84,225,2.5
13,240,1.0
61,1095,4.0
58,1117,5.0
59,1607,1.0
35,1611,3.5
26,1444,0.5
63,1766,1.0
15,1271,3.5
18,702,0.5
2,1754,3.0
51,2622,0.5
78,938,5.0
52,44,1.5
85,1566,5.0
90,1723,1.5
12,1965,0.5
49,1332,3.0
28,2626,0.5
28,383,1.5
87,1549,3.0
47,1650,3.0
42,526,1.0
5,2587,4.5
26,2100,1.5
43,1037,1.5
83,2413,1.0
48,1033,1.5
22,1941,2.0
91,2480,1.0
90,2678,3.5
74,1894,0.5
90,1417,3.5
71,1152,2.0
91,307,3.5
10,2047,3.0
99,2805,1.5
72,2226,3.5
10,29,2.5
89,2715,3.0
69,1269,1.0
23,810,0.5
65,1181,4.0
3,1942,4.5
2,110,3.5
51,2623,5.0
19,2344,0.5
95,2449,5.0
95,2561,5.0
84,1446,2.0
23,863,1.5
65,1191,5.0
30,2737,2.5
25,1675,5.0
48,1142,3.5
86,1167,4.0
71,196,3.5
40,2666,3.0
21,2672,2.5
19,621,0.5
8,1233,2.0
72,2201,1.5
72,2178,3.0
39,1489,3.0
94,523,4.5
76,2316,5.0
70,971,1.0
75,254,2.0
55,731,2.0
58,2196,0.5
92,560,5.0
94,2737,4.0
28,673,1.5
8,2734,4.5
3,2189,2.0
66,1649,1.0
65,221,0.5
99,2587,1.5
36,861,3.0
57,2755,2.5
53,1713,1.0
5,1394,2.5
70,1112,2.0
62,2356,1.0
57,1806,3.0
38,704,1.5
37,2564,5.0
71,1781,5.0
84,1244,2.0
42,2002,1.0
96,2189,0.5
60,2451,3.5
91,1658,5.0
7,319,5.0
30,79,2.0
4,1310,4.5
13,1164,2.5
53,502,2.5
48,2013,2.5
44,361,4.5
87,1011,4.0
57,2062,1.0
21,1268,1.5
62,1941,2.5
57,554,3.5
100,1386,2.5
23,2319,3.5
45,106,0.5
47,1258,2.0
86,347,4.0
67,1078,5.0
64,659,2.5
1,1271,3.0
98,2281,1.0
46,1234,1.5
39,2323,0.5
26,2432,3.0
1,1598,5.0
74,1510,1.0
46,2281,0.5
2,2034,2.5
19,2024,4.5
81,1775,1.0
11,311,4.0
26,2741,4.5
79,1315,4.5
21,2174,2.0
29,1989,3.5
41,181,3.0
59,2246,4.5
74,1892,3.0
9,1145,0.5
12,2647,3.0
43,309,1.5
76,159,4.5
45,330,4.5
83,2774,5.0
57,2210,4.5
95,1097,3.5
86,1089,3.0
7,1574,1.0
34,2626,5.0
32,2637,4.0
21,2725,1.5
42,282,0.5
68,1453,2.0
48,2607,0.5
58,2449,1.0
30,2290,3.0
100,2262,4.0
36,2809,2.5
33,1610,2.5
77,899,1.5
83,2527,1.5
90,2289,0.5
61,2586,3.5
59,175,4.5
24,895,3.0
41,2197,4.5
53,281,3.5
11,1554,2.5
31,1830,1.5
32,1429,3.0
57,1487,0.5
41,768,1.0
80,957,2.5
81,1795,5.0
25,813,0.5
29,131,5.0
81,747,5.0
33,1644,3.5
78,702,3.5
57,2021,3.5
85,1902,2.5
54,836,3.5
79,1481,2.5
22,883,2.5
87,2440,1.5
40,2756,2.0
74,1495,0.5
56,410,4.5
64,1393,4.0
35,1196,1.0
56,1196,1.5
1,2133,5.0
78,514,3.0
85,2290,0.5
69,222,2.0
69,2536,3.0
22,1637,3.0
67,653,2.5
19,2312,0.5
53,935,2.5
7,812,3.0
43,2709,4.5
21,1797,2.0
68,145,1.0
50,948,2.0
71,1126,2.0
22,2160,3.5
31,1887,2.0
14,2765,0.5
28,2028,5.0
92,1662,2.0
23,1021,2.5
27,657,2.0
18,70,1.0
38,1506,2.0
42,1996,1.5
49,1113,1.5
65,831,2.0
59,1277,1.5
76,525,0.5
32,954,2.5
84,508,1.0
41,1973,3.0
3,1486,4.5
52,1382,1.5
14,145,2.5
79,615,2.0
81,1319,3.0
89,1087,3.0
7,2230,3.0
1,782,1.0
2,96,2.5
92,2384,0.5
18,382,0.5
57,329,2.0
28,391,1.0
17,1771,3.0
90,2508,1.5
27,2068,1.0
29,2614,2.5
3,2127,1.0
100,2259,2.5
72,1381,4.0
37,223,1.0
27,899,1.5
51,212,4.5
43,605,3.5
22,2544,4.5
37,1699,4.0
15,2119,2.0
79,624,4.0
55,2705,3.5
28,1338,5.0
82,2701,3.5
82,1779,2.5
50,1362,4.5
52,303,2.5
6,27,3.0
44,1779,0.5
44,2398,1.5
95,1697,3.5
88,1954,4.0
11,729,5.0
23,753,2.0
100,2776,2.5
47,2274,1.5
69,2509,4.5
32,2270,3.5
24,2103,2.5
89,2085,5.0
70,2116,1.0
51,1337,2.0
49,349,1.5
9,2367,2.5
33,1249,4.0
9,359,4.0
15,46,4.0
70,558,4.5
14,1441,4.0
71,478,1.0
66,667,4.0
77,2513,2.5
31,2089,3.0
90,624,2.5
72,492,3.0
78,365,5.0
75,1548,5.0
16,639,2.5
65,1230,5.0
60,2224,2.5
14,2673,1.5
3,2305,3.0
25,177,3.5
79,2788,3.0
96,941,1.0
53,1665,2.0
59,1604,1.0
43,449,1.0
14,1943,2.0
38,1015,1.5
66,1629,4.0
82,393,4.5
1,2002,4.0
36,950,0.5
26,2439,3.0
13,432,0.5
22,1418,3.5
19,277,3.0
41,2454,3.0
52,626,1.0
81,2024,3.5
60,269,2.0
1,1850,2.0
48,882,3.5
97,918,2.5
95,566,5.0
77,1694,3.5
68,1135,3.0
71,170,4.5
68,155,1.0
59,2477,0.5
44,1345,2.5
5,868,2.5
52,1955,3.0
78,2209,1.5
9,135,2.5
73,268,2.0
10,544,0.5
42,709,3.0
5,1679,2.5
32,242,0.5
40,2737,1.5
10,2107,3.5
4,860,4.0
47,513,2.5
100,2498,3.5
16,1879,3.5
21,1155,3.0
1,2672,1.0
52,329,1.0
84,1782,2.0
25,606,3.5
52,2054,1.0
91,2069,0.5
26,2612,4.0
1,396,0.5
65,539,3.5
95,724,2.5
100,2657,2.5
45,2579,1.0
58,987,4.5
46,934,3.0
83,2784,4.0
65,328,4.0
17,936,3.5
3,418,5.0
88,1870,4.5
75,781,0.5
13,91,5.0
33,2236,0.5
83,52,0.5
60,1595,4.0
76,231,3.5
69,374,1.5
6,1167,1.5
52,2390,5.0
96,2673,3.0
39,2644,2.0
79,921,1.5
46,2108,1.0
41,1768,5.0
63,70,5.0
64,1251,2.0
67,1126,5.0
36,1663,2.5
32,943,4.0
3,2621,2.5
47,1538,1.0
49,1851,4.0
80,484,5.0
15,693,4.0
34,1981,1.0
82,2522,1.5
54,575,1.5
74,2039,1.0
75,1962,1.5
93,1352,5.0
99,2234,0.5
71,615,1.5
20,1920,4.0
75,114,4.0
6,118,1.5
37,308,2.0
4,522,3.0
20,389,2.0
39,116,0.5
50,1500,0.5
77,1235,4.0
98,389,0.5
86,2143,4.5
26,1887,4.0
32,115,1.0
77,1167,5.0
91,1523,2.0
40,900,5.0
68,1311,0.5
47,2043,3.5
99,1410,3.5
38,684,4.0
84,1926,2.0
36,1108,1.5
49,998,2.5
83,430,4.0
98,1869,5.0
91,1281,1.0
27,1290,3.0
64,305,3.0
82,2597,1.0
92,1643,2.0
66,2342,4.0
55,2432,1.0
44,219,4.5
44,1675,2.0
80,561,0.5
86,2686,2.5
6,1344,3.5
27,1187,2.0
1,80,1.0
76,893,1.0
75,2789,2.5
53,514,4.5
56,4,0.5
20,47,5.0
78,809,2.5
50,1234,1.5
69,1954,3.0
95,351,4.0
70,1587,0.5
28,1152,2.0
92,229,2.0
28,1767,1.0
4,2775,2.0
56,2803,4.0
19,2082,1.5
84,687,5.0
82,453,2.0
1,991,2.5
86,2027,2.0
29,180,0.5
74,1960,3.0
99,2433,2.0
79,737,4.0
56,1894,2.5
52,35,0.5
4,85,2.5
27,1004,3.5
89,692,2.0
50,2007,1.5
91,1297,1.0
62,658,4.5
96,600,2.0
66,2737,2.0
12,2312,3.5
17,355,4.0
30,307,2.0
5,2462,3.5
97,615,2.5
3,382,5.0
19,2425,4.0
34,2554,4.0
70,1855,4.0
69,1707,1.5
10,2146,1.5
81,261,1.0
15,2458,2.0
55,2654,4.5
62,993,4.0
76,1586,5.0
50,1726,1.0
27,2034,4.5
83,1975,5.0
86,1811,4.0
58,661,1.0
94,729,1.5
10,2108,4.0
41,728,4.0
40,1358,3.5
30,241,5.0
73,188,3.5
47,2156,2.5
63,2631,4.5
33,929,1.0
70,1443,3.0
100,2062,4.0
6,1604,2.0
46,149,5.0
21,1491,2.5
65,2342,4.0
3,2007,4.5
99,472,2.0
17,1938,1.5
50,2177,1.5
30,2122,2.0
91,272,0.5
37,1647,0.5
46,450,1.5
39,879,4.5
3,607,0.5
34,2313,2.0
39,1207,2.0
33,496,1.0
46,1065,3.5
9,269,1.5
51,924,4.0
95,1576,1.0
31,2052,2.0
83,339,2.0
28,5,1.5
73,155,3.0
73,257,4.5
100,2324,0.5
91,978,4.5
31,362,2.0
11,73,1.0
49,467,3.0
99,323,2.5
60,2790,1.5
15,2078,5.0
49,1707,3.5
64,476,3.5
89,2705,3.0
20,2447,4.0
83,2111,2.5
64,2315,1.5
17,1241,5.0
3,635,3.0
59,253,5.0
36,2179,0.5
90,864,1.5
59,831,3.5
9,1676,1.0
15,592,4.5
1,2576,1.5
21,1000,4.5
55,2303,3.0
16,1265,4.5
56,570,1.5
62,241,3.0
51,2593,1.5
100,694,2.0
38,1129,3.0
5,738,5.0
22,703,3.5
72,1219,5.0
89,756,5.0
41,329,5.0
32,2509,4.0
94,2250,0.5
61,491,4.0
63,928,2.5
13,890,3.0
31,2101,3.5
50,1237,4.5
17,2708,3.0
10,21,1.0
73,2652,2.5
97,1273,4.0
24,2498,2.5
50,2551,2.0
81,454,4.0
89,1804,3.0
53,2712,5.0
32,2299,4.5
54,1699,4.5
88,159,2.0
70,2153,3.5
92,1992,0.5
60,677,2.5
81,1512,2.0
2,2163,2.0
36,1568,5.0
90,1502,1.0
97,2531,4.5
21,1714,1.5
27,2448,2.0
51,506,1.5
83,1031,3.5
95,1346,5.0
4,558,2.5
62,343,2.0
6,228,2.0
68,2110,5.0
59,2658,2.0
58,1097,1.0
40,420,3.5
56,2620,2.5
2,714,2.0
52,1484,2.0
37,2389,2.0
84,337,1.0
99,805,0.5
81,1284,2.5
82,1395,2.5
53,1225,5.0
20,978,3.0
1,319,2.5
84,1692,4.0
36,1484,4.0
57,1104,2.5
51,509,0.5
44,1156,1.5
72,1857,3.0
46,1319,3.5
16,2266,0.5
16,1297,1.5
64,2231,3.0
45,94,2.0
30,319,0.5
99,1798,1.0
1,2211,4.5
51,1898,5.0
29,1602,1.5
33,372,5.0
59,1893,4.0
95,1590,4.0
44,2122,1.5
41,431,0.5
54,1678,4.0
32,2212,1.0
3,166,5.0
33,2654,5.0
56,1800,1.0
63,1294,4.0
90,1262,4.0
23,479,3.5
31,2465,1.5
28,2053,2.5
6,864,4.5
71,2082,1.0
93,1683,0.5
91,1346,5.0
40,781,3.0
32,1820,1.0
87,989,2.5
53,926,4.0
32,2134,2.0
62,1523,4.5
80,962,1.5
14,2668,4.0
91,1301,0.5
21,854,1.0
11,1794,0.5
64,711,4.0
54,492,2.5
46,716,2.5
1,44,4.0
47,1702,0.5
36,791,0.5
68,2739,2.5
98,1682,3.5
41,2469,3.5
8,851,0.5
48,294,0.5
23,2141,2.5
62,1373,3.0
28,172,5.0
75,608,1.5
71,915,1.5
2,2164,0.5
45,410,3.0
58,781,2.0
2,1629,1.5
52,742,2.5
36,317,2.5
35,449,2.5
36,1812,3.0
98,2761,3.0
37,1825,5.0
65,1139,3.0
27,872,1.5
66,1655,1.0
55,1652,2.5
49,192,4.0
5,772,3.5
99,2154,3.5
91,882,1.0
20,182,4.0
16,1965,0.5
69,1871,3.0
61,2174,3.0
78,1463,4.5
71,805,4.5
72,2035,4.0
97,161,1.5
34,729,3.0
36,1975,4.5
53,929,3.5
3,2637,3.5
53,106,1.0
13,1328,4.0
87,1040,4.0
96,2765,1.0
86,120,3.0
92,1918,3.0
96,1422,3.0
27,977,2.5
55,368,2.0
6,2734,2.5
84,2453,2.0
66,330,3.0
52,1848,0.5
100,2509,2.0
17,1635,2.5
75,1659,0.5
19,2473,1.0
44,1728,3.0
39,2013,4.0
74,117,3.0
57,2682,0.5
21,1527,2.0
30,1119,4.5
50,984,0.5
86,1997,2.0
32,2381,2.0
99,822,0.5
7,826,4.0
6,2245,5.0
96,2226,4.5
96,1552,1.5
78,2141,1.0
37,855,4.5
70,2331,4.5
75,2356,2.0
83,2415,0.5
26,1713,2.5
70,2796,3.0
98,3,5.0
7,1368,3.5
7,1706,3.0
46,150,2.5
11,1558,3.0
36,219,3.5
58,2302,4.0
90,2673,3.5
8,115,2.0
31,153,2.0
85,756,4.0
53,1618,5.0
83,2806,5.0
8,1129,3.0
26,679,5.0
90,1827,3.0
42,2547,1.0
26,1900,1.5
39,1205,3.5
40,243,5.0
35,1052,4.5
49,528,4.5
38,1708,1.5
90,1197,2.5
86,2461,3.5
25,1856,3.5
79,715,4.0
29,2249,3.5
28,1880,0.5
27,2201,2.5
47,866,5.0
96,2667,4.0
100,879,1.0
63,2352,5.0
56,2724,3.0
70,1006,4.0
88,2619,4.0
53,1940,5.0
25,1950,5.0
56,1086,2.0
38,1943,3.0
68,2587,3.5
33,1345,1.0
17,2431,4.0
31,676,0.5
98,553,3.0
95,2093,1.5
4,1119,1.5
35,1676,1.0
96,895,1.0
23,6,2.0
39,1150,4.5
50,1443,5.0
48,1458,3.5
90,804,5.0
88,2264,2.0
47,2421,2.0
98,845,5.0
20,989,3.5
13,806,4.0
36,1870,4.5
77,740,1.0
32,2665,1.0
92,198,1.0
63,878,2.5
65,1145,4.5
73,1490,3.0
42,44,4.0
12,2111,1.5
38,2469,1.5
69,1085,1.0
69,1854,2.0
42,2307,4.0
12,1023,2.0
14,2006,1.0
87,2505,2.5
11,2090,3.0
5,364,1.0
88,1709,3.5
17,799,4.5
54,1390,5.0
40,1026,1.5
20,2071,2.0
34,991,1.0
71,2333,1.5
51,1261,4.5
36,2659,2.0
2,2605,4.0
50,2579,1.5
60,2788,2.5
100,295,2.0
83,1754,4.5
41,750,4.0
65,293,2.5
34,135,4.0
20,751,1.0
70,337,0.5
13,2113,3.5
55,451,4.5
99,1777,1.5
74,102,1.0
91,2739,2.5
78,326,3.0
34,296,0.5
59,1446,1.5
1,1348,1.5
45,1702,1.5
67,2303,4.0
55,332,1.0
51,393,2.0
17,182,4.0
81,2740,3.0
77,2783,1.0
25,18,2.5
99,2751,4.5
1,1398,4.0
33,894,2.0
57,2257,0.5
53,2598,3.5
46,1394,0.5
28,1631,1.0
61,669,3.0
36,110,0.5
86,1082,3.0
93,1549,3.5
1,102,4.5
81,2175,1.5
87,1041,2.5
20,699,4.0
25,1493,2.0
10,1955,4.0
91,1755,4.5
29,1813,3.0
14,934,5.0
48,464,1.5
29,2679,5.0
41,119,1.5
76,1023,2.5
74,867,5.0
94,1238,0.5
94,2074,2.0
43,1531,3.0
42,512,3.5
66,435,1.5
22,449,3.5
93,1709,4.5
63,2108,1.5
28,476,1.5
88,503,2.5
86,2485,4.5
60,2215,4.5
39,602,3.5
8,1909,2.5
94,2432,2.0
78,374,2.5
2,1553,2.5
29,321,5.0
100,543,0.5
71,841,1.5
8,2230,1.5
20,1012,5.0
5,2078,4.5
53,1509,2.5
79,161,0.5
93,1814,1.5
92,2697,3.5
3,2179,2.0
83,2282,1.5
93,2138,3.0
94,2410,0.5
35,524,1.5
100,2157,1.0
53,2708,4.0
49,544,0.5
91,708,2.0
20,327,4.0
30,779,0.5
51,1989,5.0
62,353,1.5
66,155,4.5
78,772,4.0
4,2440,4.0
90,2661,3.0
65,321,5.0
81,238,2.0
21,96,4.0
94,2677,2.5
55,340,5.0
23,586,0.5
67,2549,4.0
77,1135,2.5
65,2026,1.0
4,580,4.5
82,2355,4.5
84,651,3.5
11,652,2.5
18,474,2.5
6,853,2.0
14,2334,2.0
98,2260,3.5
10,2390,3.0
17,98,4.0
7,33,3.5
31,1788,1.0
5,2361,3.5
36,850,4.0
76,1337,5.0
9,1462,2.0
64,1059,0.5
91,2556,4.0
46,779,4.0
30,2102,1.5
11,67,4.5
95,224,5.0
69,2016,0.5
68,2023,3.5
53,1932,2.5
4,2328,2.5
86,1160,0.5
32,1530,5.0
69,1288,3.5
7,708,0.5
79,297,4.0
44,410,2.0
100,2784,4.0
13,1517,4.5
42,1055,2.5
91,538,3.0
60,2387,4.5
45,850,5.0
30,2524,0.5
43,928,4.5
18,2158,3.5
39,1087,5.0
78,2405,3.0
55,1891,2.5
28,1919,0.5
82,1070,2.5
56,2552,3.5
32,905,2.0
63,250,3.0
1,2372,4.0
36,2203,4.0
84,1506,0.5
20,2643,1.5
77,84,0.5
80,1536,2.0
95,1784,2.0
31,1406,1.0
42,1945,5.0
47,1828,3.5
53,2490,3.5
79,2225,5.0
65,1975,3.5
57,2524,3.5
92,519,3.0
88,2161,3.0
62,2306,1.0
51,1509,4.5
88,529,1.0
27,2106,5.0
13,39,4.0
36,1746,5.0
6,1452,4.0
96,1448,1.5
65,201,2.5
100,938,0.5
64,678,1.5
59,2201,1.5
5,1521,2.5
12,733,2.5
74,1866,1.5
7,2445,1.5
17,2178,5.0
84,1940,1.5
3,885,1.5
44,309,0.5
13,1146,1.0
30,833,3.0
71,875,4.0
82,855,1.5
80,1927,4.0
62,135,2.0
16,2669,2.0
22,850,2.0
21,1695,2.5
26,902,1.5
13,2361,2.5
26,2112,2.5
34,530,2.0
16,488,1.0
25,437,4.0
7,1195,0.5
57,605,5.0
49,2507,0.5
27,39,1.0
22,2148,2.5
96,1724,3.0
4,2112,4.0
79,198,0.5
21,693,2.5
59,2085,0.5
62,1554,1.0
72,347,5.0
41,532,3.5
61,153,1.0
57,2297,1.5
55,354,0.5
76,384,4.0
76,1611,3.5
34,2652,5.0
65,2494,3.5
100,188,5.0
44,793,3.0
43,2144,1.5
96,35,3.5
19,799,4.5
97,601,5.0
5,282,2.0
42,1530,4.0
25,2666,4.5
37,2795,2.5
32,1611,1.0
72,1955,2.5
52,128,1.5
56,2287,5.0
32,2136,5.0
33,2129,4.0
11,1660,0.5
72,902,5.0
4,2033,1.0
38,2719,1.5
22,1698,1.5
40,674,4.5
15,2598,4.5
97,58,2.5
15,2711,1.0
41,1478,4.0
9,861,1.0
29,1198,0.5
29,1256,2.5
75,1068,3.5
66,2041,4.5
63,1404,5.0
19,2778,5.0
70,2271,3.5
96,1875,3.0
43,820,3.5
13,734,5.0
94,1801,3.0
76,2192,3.0
97,3,3.5
80,239,3.5
91,451,3.0
89,96,4.0
37,1306,2.5
72,1050,0.5
7,1981,3.5
90,2277,1.5
74,1221,1.5
90,2467,2.0
14,673,1.0
52,2509,1.0
10,1103,0.5
61,2244,2.5
26,1814,3.5
46,1278,2.0
67,2704,2.5
74,1609,3.5
79,447,1.0
85,2666,3.0
9,2655,1.5
91,380,3.0
92,1419,0.5
40,2370,1.0
1,2057,5.0
96,2063,1.0
26,1103,1.0
88,929,3.0
1,2157,3.5
44,1559,1.5
74,1404,2.0
34,2604,0.5
69,747,4.0
54,1367,3.5
65,1786,2.0
5,1041,3.0
26,475,4.0
91,167,4.0
54,2329,2.0
92,841,5.0
67,586,3.5
43,494,4.0
73,614,4.0
16,1244,3.0
65,1925,3.5
27,1926,3.5
35,2396,1.5
96,88,1.0
66,725,0.5
100,682,1.0
76,864,1.5
43,1589,3.5
4,992,1.5
94,1204,2.0
43,2476,4.5
