user_id,product_id,liked_or_not,wishlisted_or_not,ordered_or_not,search_count
68,1413,0,0,0,3
85,38,0,0,0,1
71,1813,1,1,1,10
15,316,0,0,0,3
6,2302,0,0,0,9
12,852,0,0,1,7
55,2338,0,0,0,9
19,723,1,0,0,10
27,1257,0,1,0,5
34,2635,0,0,0,2
32,350,0,0,0,7
17,1900,0,0,0,6
17,1068,0,0,0,5
38,338,1,0,0,5
78,1060,0,0,0,1
24,38,1,0,0,4
8,794,1,0,0,3
4,996,0,0,0,6
66,701,1,0,0,1
1,2497,0,0,0,8
35,74,0,0,0,9
87,1465,0,1,0,9
40,813,0,0,0,2
32,2110,1,1,0,10
24,1488,1,1,1,6
89,387,1,0,0,1
83,1725,0,0,0,6
48,234,1,0,0,1
63,216,0,0,0,1
27,233,0,0,1,6
45,174,0,0,0,5
20,2345,0,0,0,0
71,1772,0,0,0,5
66,2059,0,1,0,1
92,2594,1,0,0,0
93,1116,0,0,0,7
86,445,0,0,0,7
60,1699,0,0,0,3
36,156,0,1,0,9
83,2019,0,0,0,1
32,2472,1,0,1,1
94,848,0,0,0,8
46,415,0,0,0,2
43,1138,0,1,0,10
2,621,0,0,0,5
73,195,0,0,0,8
76,645,0,0,0,1
4,683,1,1,0,7
63,563,0,0,0,8
74,2039,0,0,0,9
85,2167,1,1,0,4
73,2330,1,0,0,8
78,2326,0,0,1,0
69,1242,0,0,0,9
45,2485,0,0,0,2
36,2626,1,0,0,0
6,1558,0,0,0,5
8,392,0,1,0,0
93,399,0,0,0,1
97,2717,0,0,0,6
72,723,0,0,0,1
81,208,0,0,1,7
43,883,0,0,0,6
37,2527,0,0,0,3
11,936,0,1,0,3
10,841,1,0,0,9
97,1695,1,0,0,9
79,1893,0,0,0,1
40,1653,0,1,0,9
94,1293,0,0,0,1
58,2278,0,1,0,6
60,1247,0,0,0,8
32,2519,0,0,0,9
72,1020,0,1,0,10
98,2040,1,0,0,10
13,2312,0,0,0,5
96,2514,0,1,0,5
70,1491,0,0,0,3
11,202,0,0,0,9
82,725,0,0,0,4
1,1982,0,0,0,0
80,2641,0,0,0,3
84,2355,0,0,0,8
49,389,0,0,0,0
77,2742,1,0,0,3
64,1108,0,0,0,10
84,788,0,0,0,5
46,2078,0,0,0,9
10,2264,1,0,0,2
73,2766,1,0,0,1
72,1697,1,0,0,2
67,1526,1,0,0,1
36,605,0,0,0,3
46,101,0,0,0,6
86,264,1,0,0,2
63,2194,0,0,0,0
36,1928,1,0,0,2
100,1773,0,0,0,1
38,2656,1,0,0,9
69,2348,1,0,0,9
63,2660,0,0,0,4
11,993,0,0,0,1
44,655,0,0,0,8
18,39,1,0,0,4
52,1969,1,1,0,1
63,905,0,0,0,3
29,288,0,0,0,3
76,2360,1,0,0,4
38,160,0,0,0,5
62,2657,0,0,0,8
42,2253,0,0,1,0
62,2203,0,0,0,5
93,1254,0,0,0,9
19,2282,0,0,0,9
88,374,0,1,0,10
13,829,0,0,0,4
71,2306,1,0,0,6
97,2376,0,0,0,6
13,2510,0,0,0,10
75,1249,1,0,0,0
91,917,0,0,0,8
2,1782,1,0,0,3
83,430,1,0,0,4
96,2583,1,0,0,6
80,1078,1,0,0,9
10,1816,0,0,0,9
67,2655,1,0,1,7
25,533,1,0,0,7
8,2616,0,1,0,1
32,2453,0,0,0,7
34,1673,0,0,0,8
11,2557,0,0,1,10
79,249,0,1,1,10
16,625,1,0,0,5
71,797,0,0,0,1
41,1766,0,0,0,6
12,2028,0,1,0,7
25,2472,1,0,0,0
3,1701,0,0,0,1
41,2412,0,0,0,0
96,1969,1,0,0,10
55,2796,1,0,0,9
21,750,0,0,0,2
7,228,0,0,0,5
17,1237,0,0,0,9
86,1568,1,0,0,0
4,1686,1,0,0,3
64,2699,1,1,0,8
27,1833,0,0,0,1
50,2681,1,0,0,4
11,682,1,0,0,3
4,1899,0,0,0,1
10,1535,0,0,0,9
17,1061,0,0,1,5
37,598,1,0,0,10
59,1957,0,0,0,6
74,1819,0,0,0,5
36,2204,1,0,1,10
98,1507,1,0,0,1
3,1942,0,0,1,2
47,2449,0,1,0,2
72,1982,0,0,0,5
15,1807,0,0,0,3
51,239,0,0,0,0
58,2144,1,0,0,3
94,2091,1,0,0,2
63,1713,0,0,0,10
21,186,0,0,0,7
11,1380,1,0,0,5
48,2557,0,0,0,0
35,2112,0,0,0,5
75,1038,0,0,0,10
80,23,1,0,0,7
81,322,1,0,0,0
73,1708,0,1,0,5
23,1188,0,0,0,6
41,1585,0,0,0,10
19,1545,1,0,0,6
72,194,0,0,0,0
86,1318,0,1,0,1
67,375,1,0,0,6
25,697,0,0,0,9
27,1128,1,1,0,5
14,2095,1,0,0,8
92,637,0,0,0,9
71,1848,0,0,0,2
1,2408,1,0,0,0
9,678,0,0,1,4
43,905,0,0,0,2
67,1981,0,0,0,2
29,893,0,0,0,9
75,1400,0,0,0,10
34,1983,0,0,0,0
73,103,0,0,0,7
12,2304,0,0,0,8
62,800,1,0,0,3
48,2145,0,0,0,3
73,908,1,0,0,3
71,1679,0,1,1,0
15,1761,1,0,0,3
77,631,0,0,0,3
40,685,0,0,0,2
41,1422,0,0,1,4
52,329,0,0,0,1
91,2292,0,0,0,5
57,256,0,1,1,6
58,1318,1,0,0,4
81,1532,0,0,1,4
77,234,0,0,0,2
34,2463,1,0,0,3
92,695,0,0,0,5
36,840,0,1,0,9
79,613,1,0,0,5
20,136,0,1,0,8
48,863,0,0,0,10
65,1696,0,0,1,5
74,360,1,0,0,8
83,779,0,0,0,4
92,237,1,1,0,5
10,351,0,1,0,2
74,1095,0,0,0,9
77,1370,0,1,0,4
93,2271,1,0,0,3
83,2550,0,0,0,9
58,517,0,0,0,2
67,2480,0,1,0,1
72,1298,1,0,0,3
89,1548,1,0,0,0
65,898,0,0,0,3
76,2207,0,0,0,7
94,690,0,0,1,0
23,2793,1,0,0,10
25,1101,0,0,0,10
9,1066,1,1,0,7
100,2736,0,0,0,6
69,511,0,0,0,7
2,2739,0,0,0,6
82,1149,0,1,1,0
4,967,0,0,0,1
51,1517,0,0,0,1
34,2616,1,0,0,3
43,403,0,0,0,8
70,1892,0,0,0,5
81,555,0,1,0,2
78,2602,1,0,0,7
23,2221,0,0,0,5
79,2242,0,1,0,1
13,2185,1,0,0,5
24,1980,0,0,0,5
63,2494,0,0,0,1
21,1151,0,0,0,4
59,380,0,1,0,10
14,2665,0,1,1,6
36,2641,0,0,0,1
70,51,1,0,0,9
76,1560,1,0,0,0
62,2796,0,1,1,9
59,2029,0,1,0,7
51,1515,0,0,0,6
18,731,0,0,0,9
12,1197,1,0,0,7
93,883,0,0,0,2
91,1099,0,0,0,10
56,2303,1,0,0,1
40,2629,1,0,0,6
79,956,1,0,0,0
50,2640,1,0,1,8
55,2672,0,0,0,6
91,2005,1,0,0,2
77,2797,0,1,0,7
2,1207,1,1,0,1
55,449,0,0,0,9
93,1252,0,1,0,3
33,2171,0,0,0,1
62,1397,1,0,0,9
12,944,1,0,0,8
15,2159,1,0,0,4
31,867,0,0,0,9
26,132,0,0,1,8
61,2370,0,1,0,8
86,593,0,0,0,6
73,515,0,0,0,1
93,1976,0,0,0,1
57,1271,0,1,1,8
20,2091,0,1,0,9
76,818,0,0,0,8
39,1418,0,1,1,3
78,1254,1,0,0,1
16,871,0,0,0,5
50,335,1,0,0,1
98,436,0,0,0,8
38,1606,0,1,0,5
7,1591,0,0,0,4
40,1153,0,0,0,6
88,899,1,1,0,0
38,1494,0,1,0,1
34,1561,0,0,0,3
42,1049,0,0,0,1
28,269,0,0,0,8
71,436,1,0,0,5
35,2183,0,0,0,2
40,1910,0,1,0,8
63,816,0,0,0,0
57,1761,0,0,0,8
83,1018,0,0,0,8
91,1698,1,0,0,3
9,2523,0,0,0,4
88,523,0,0,0,5
94,452,0,0,0,4
76,2390,0,0,0,4
53,487,0,0,0,8
7,1225,0,0,0,10
18,449,0,0,0,1
49,54,1,0,0,9
75,506,1,1,0,0
35,639,0,0,0,10
36,928,0,1,0,4
22,2081,0,0,0,2
69,2567,0,0,0,8
60,239,1,0,0,8
93,2259,0,0,0,3
99,537,0,0,0,8
58,1715,0,0,0,4
9,1669,0,0,0,9
44,1262,0,0,0,5
54,321,0,1,0,8
68,1947,0,0,0,6
6,1437,0,1,0,6
43,1658,0,1,0,4
83,57,0,0,0,3
93,2689,1,0,0,7
79,2177,1,0,0,5
46,2188,1,0,0,9
73,2457,0,0,0,9
57,317,0,0,0,2
73,54,0,0,0,7
40,2735,0,0,0,4
66,2687,1,0,0,2
100,2294,0,0,1,3
21,2057,0,1,1,6
47,166,1,0,0,5
55,783,0,0,0,8
79,1082,1,0,0,0
46,2806,0,0,0,9
48,558,0,0,0,6
36,2072,0,0,0,4
19,1577,0,0,0,4
65,1103,0,0,0,10
74,2681,0,1,0,10
10,986,0,0,0,7
1,1804,0,0,0,5
16,2,1,0,0,8
45,114,0,0,0,2
15,2601,0,0,0,2
76,2137,0,0,0,4
74,601,0,0,0,3
24,2431,0,0,0,2
29,2296,0,0,0,9
38,667,0,0,0,6
68,668,1,1,0,4
43,983,0,0,0,1
3,1003,1,0,0,0
4,1835,0,0,0,2
78,920,0,0,0,7
12,2547,0,0,0,2
66,374,0,0,0,6
35,2691,1,0,0,0
73,47,1,0,0,3
76,2577,0,0,0,10
80,2325,1,0,0,8
30,2014,0,1,0,6
73,614,1,0,0,4
83,1131,0,0,0,4
44,1857,0,0,0,9
80,2541,0,0,0,6
14,466,1,0,0,9
44,1574,0,0,1,9
14,1890,0,0,0,1
18,1123,1,1,0,8
26,1308,0,1,0,0
99,1432,0,0,0,9
8,1603,0,0,0,7
24,2235,0,0,0,3
80,471,0,0,1,0
21,56,0,0,0,9
70,2306,0,0,0,4
90,2081,0,0,0,0
85,1481,1,0,0,9
66,1978,0,1,0,0
22,577,0,0,0,7
94,2333,0,0,0,5
54,1548,1,0,1,1
25,1585,1,0,1,4
99,1868,1,0,0,2
100,226,0,0,0,7
75,1131,0,0,0,10
28,1962,0,0,0,1
1,2411,1,1,1,3
70,1862,0,1,0,7
62,1661,1,0,0,8
2,86,0,1,0,4
20,656,0,0,0,0
39,1969,1,0,0,6
27,597,0,1,0,3
30,783,0,0,1,5
4,335,0,0,0,4
28,1510,1,0,0,1
2,2256,0,0,0,7
15,1323,1,1,0,10
41,7,0,0,0,10
27,1916,0,1,0,0
88,1523,0,0,0,10
51,2536,0,0,0,1
85,1015,0,0,0,6
78,148,0,0,1,1
12,2275,0,1,0,3
3,1307,1,0,0,3
60,539,1,0,0,2
1,2052,0,1,0,8
59,1141,0,0,0,3
44,409,0,0,1,3
43,567,0,0,0,3
35,2123,0,0,0,5
27,112,0,0,0,2
6,153,1,0,0,3
40,2806,0,0,0,2
66,1563,0,0,0,2
86,932,0,1,1,9
47,263,0,0,0,2
66,607,1,0,0,10
6,1988,1,0,0,2
83,1325,0,1,0,10
89,2411,1,1,0,2
86,2150,0,0,0,7
73,2505,0,0,0,5
63,818,0,1,0,3
2,2511,1,0,0,5
86,1178,0,0,0,1
35,1273,0,1,0,7
5,1218,0,1,0,9
88,748,0,0,0,2
6,857,1,0,0,9
56,2370,1,0,0,6
51,479,0,0,0,9
38,1704,0,0,0,7
84,2613,0,0,0,7
68,669,0,0,0,0
61,1376,1,0,0,4
2,1413,1,0,0,3
91,1024,1,0,0,0
70,2503,0,0,0,0
88,1624,0,0,0,5
18,751,0,0,0,0
50,1050,0,0,0,3
69,797,0,0,0,7
56,1675,1,0,0,0
30,1963,0,1,1,9
40,1476,0,0,0,5
7,1411,0,0,0,1
73,74,1,1,0,5
86,2443,1,0,0,6
3,1106,0,0,1,5
40,2436,0,1,0,3
55,1724,0,0,0,0
40,1560,0,0,0,7
60,192,1,0,0,7
36,1752,0,0,0,0
93,1479,1,0,0,0
12,2691,0,0,0,2
4,2713,0,1,1,0
94,2236,0,1,0,7
67,1985,0,0,0,7
78,2759,1,0,0,7
71,1806,0,0,0,7
2,2195,0,0,0,1
15,2529,1,0,0,8
19,491,0,0,0,0
48,884,1,1,0,4
72,858,0,0,0,4
20,1126,0,0,0,10
72,2187,0,0,0,0
7,1220,0,0,0,7
70,20,0,0,0,4
7,966,1,0,0,0
47,1969,1,1,0,8
46,1284,0,1,0,6
58,2009,1,0,0,4
12,2060,0,0,0,2
78,1707,1,0,0,2
66,994,0,0,0,6
59,2546,1,0,0,1
87,2568,0,0,0,5
80,46,0,0,0,1
78,697,1,0,0,9
35,938,0,0,0,5
7,1026,1,0,0,8
57,559,0,0,0,0
12,2222,0,0,1,10
17,1282,0,0,0,6
66,161,0,0,0,2
57,2277,0,0,0,8
73,717,0,0,0,10
36,1177,0,0,0,6
40,1300,0,0,0,8
4,2635,1,0,0,4
21,152,0,0,0,10
74,1889,1,0,0,10
6,2745,0,0,0,5
1,695,0,0,0,2
19,1987,0,0,0,5
26,1677,0,0,0,6
59,2133,0,0,0,2
41,681,0,0,0,4
35,1309,0,0,0,2
11,156,0,1,0,1
77,733,0,0,0,7
25,1113,0,0,0,10
58,1879,0,0,0,2
37,444,0,1,1,8
6,1535,0,0,0,2
35,2137,1,1,0,7
8,698,0,1,0,8
93,2687,0,0,0,5
33,2569,0,0,0,7
16,1712,1,0,0,0
90,1567,1,0,0,2
98,956,0,0,0,1
10,2812,0,0,0,1
89,2572,1,0,0,4
78,744,1,0,0,0
74,2063,0,0,0,2
80,1940,0,0,1,2
79,216,0,1,0,0
22,935,1,1,1,9
19,882,0,1,0,6
10,557,0,0,0,5
48,1525,1,1,0,1
9,2380,1,1,0,3
51,1633,1,0,1,6
18,2151,0,0,1,2
96,33,1,1,0,1
71,2092,0,0,0,9
38,407,0,0,0,8
88,396,0,0,1,6
93,1543,0,0,0,9
14,1413,0,0,0,5
21,2193,0,0,0,0
96,1284,0,0,0,8
27,2139,1,0,1,0
50,1590,1,0,0,5
6,1390,1,1,0,1
16,435,0,0,0,6
63,2741,0,0,1,6
6,426,0,0,0,1
56,902,1,1,0,6
26,2616,0,0,0,8
96,317,0,0,1,3
51,199,0,0,0,1
3,2263,0,0,0,7
76,1589,1,1,0,1
24,1865,0,0,0,9
24,2227,1,1,0,8
65,1475,1,0,0,9
17,1897,0,0,1,6
67,1719,0,0,0,2
79,1380,1,0,0,1
31,2731,0,0,1,6
94,780,0,0,0,3
13,648,0,0,1,2
96,1917,0,1,0,0
56,187,0,0,1,8
11,371,0,0,0,9
48,2061,0,0,0,5
49,2142,0,0,0,3
53,1138,1,0,0,7
54,827,0,1,0,4
36,2076,0,0,0,8
38,2003,0,1,0,9
51,1534,1,0,0,9
78,1253,0,0,0,2
1,773,0,1,0,7
46,1736,1,0,0,2
41,2385,1,0,0,4
22,1372,0,1,0,3
71,956,0,1,0,6
17,1471,0,0,0,0
4,2541,0,0,0,8
72,1936,0,0,0,10
6,1953,0,0,0,3
87,2409,0,0,0,5
75,1557,0,0,0,3
81,1626,0,0,0,10
3,1279,0,1,0,6
61,2728,0,0,0,10
75,919,0,0,0,8
67,1808,0,0,0,3
60,2706,0,0,0,8
84,1701,0,0,0,5
17,1759,0,0,0,8
2,349,0,0,0,7
83,729,0,0,0,9
14,236,1,0,1,2
16,590,0,1,0,7
6,1032,0,0,0,4
54,1873,1,0,0,5
97,490,0,1,0,7
89,334,0,1,0,6
72,795,1,1,0,4
2,1684,0,0,0,7
50,2195,0,0,0,8
70,539,0,0,0,10
85,684,1,0,0,2
32,1818,0,0,0,3
78,519,0,0,1,9
83,2401,1,0,0,7
28,2451,0,0,0,1
59,2313,0,0,0,10
91,696,0,0,0,5
18,2659,0,1,0,0
13,2225,0,0,0,7
77,1683,1,0,0,4
89,772,0,0,0,2
35,2136,1,0,0,8
83,2756,0,0,0,5
33,975,1,0,0,0
6,934,1,1,0,9
59,1964,0,0,0,9
10,882,0,0,1,2
80,1266,0,1,0,7
92,1927,1,0,0,0
93,377,0,0,0,0
90,324,0,0,0,8
90,178,1,0,0,10
54,1335,1,0,0,10
46,1946,1,0,0,0
46,385,1,0,0,4
94,574,1,0,0,10
50,1349,1,0,0,7
61,1217,0,0,0,3
69,1680,0,0,0,10
37,1024,1,0,0,6
8,1402,0,0,0,0
87,955,0,0,0,2
45,1358,0,1,0,0
22,50,0,0,0,10
82,1745,0,0,0,2
12,1590,0,0,0,2
80,446,1,0,0,3
76,383,1,0,0,4
8,1265,0,1,0,9
74,1091,0,0,0,7
85,620,0,0,0,0
100,2227,0,0,0,0
21,827,0,0,0,4
35,1024,0,0,0,2
62,124,0,0,0,10
100,286,0,0,0,7
52,1033,0,0,0,5
56,2780,0,0,0,7
64,874,1,0,0,4
57,1797,1,0,0,4
33,1435,1,0,0,3
70,2521,0,0,0,0
64,1982,0,0,0,2
30,341,1,0,0,10
42,178,0,0,0,1
49,9,0,0,0,9
53,120,0,0,0,7
85,205,1,0,1,7
54,2071,0,0,0,4
34,1505,0,0,0,6
40,1640,0,0,0,7
99,1668,1,0,0,8
75,833,0,0,0,6
46,1152,0,0,0,5
58,2603,0,1,0,7
65,194,0,0,0,0
99,1713,0,0,0,2
67,237,0,1,1,0
84,2653,1,0,1,5
64,2773,1,0,0,9
48,1775,1,0,0,7
10,787,0,0,0,6
54,2553,0,0,0,2
73,1288,1,0,0,2
70,2748,0,1,0,2
57,1688,1,0,0,2
5,1130,1,0,0,0
13,892,0,0,0,5
75,647,1,0,0,9
92,794,0,1,1,0
80,2361,0,0,0,4
14,691,0,0,0,5
30,836,0,1,0,7
7,1380,0,0,0,1
9,2081,1,0,0,2
32,1113,1,1,0,10
29,1274,0,1,0,6
86,553,1,0,0,8
87,2493,0,0,0,0
18,1877,0,0,0,2
63,2193,0,0,0,1
6,650,0,0,0,7
87,1852,0,0,0,7
14,2463,0,0,0,4
64,1905,1,0,0,4
35,1159,0,0,0,5
78,1609,0,0,0,4
87,2458,1,0,0,4
44,1289,1,0,0,10
84,862,0,0,0,5
44,1756,0,1,0,1
73,1533,0,0,0,6
49,1134,1,0,0,4
4,813,0,1,1,6
95,1276,0,0,0,5
78,2738,1,0,0,4
97,2254,0,0,0,5
32,716,0,0,0,4
16,143,0,1,0,1
44,1544,0,1,1,0
26,2116,0,0,0,7
51,2182,1,0,0,4
47,728,0,0,0,1
7,2257,0,0,0,5
98,922,0,0,0,3
25,1897,0,0,0,4
42,684,1,0,0,3
82,2451,0,0,0,1
11,98,1,0,0,9
67,2588,0,0,0,9
77,1793,0,0,0,5
7,754,1,1,0,8
38,1821,0,0,0,8
85,2282,1,0,0,4
91,1926,0,0,0,0
84,681,0,0,1,5
62,1754,0,1,0,5
62,915,0,1,0,1
93,1594,1,0,0,3
89,2005,1,0,0,5
54,1805,0,1,0,6
43,226,0,0,0,4
1,2509,1,0,0,1
80,1635,1,0,0,8
30,833,0,0,0,6
45,1828,0,0,0,2
52,1878,0,0,0,10
83,1564,0,1,0,7
45,2023,0,0,0,1
71,1617,1,0,0,5
43,2570,0,0,0,7
64,842,1,0,0,8
11,1087,0,0,1,1
4,2639,0,1,1,8
6,2188,1,0,0,6
76,586,0,0,0,6
89,575,1,0,0,4
23,2201,0,0,1,5
1,704,0,1,0,6
62,757,0,1,0,0
78,1382,0,0,0,1
26,2187,1,0,0,3
31,2393,0,1,0,9
44,890,1,0,0,7
6,735,0,0,0,7
47,1630,0,0,0,8
69,159,1,0,0,8
3,2785,1,0,1,4
85,1343,0,0,0,10
54,2726,1,1,1,7
51,2583,0,0,0,6
42,1910,1,0,0,9
15,1917,0,0,0,7
59,1754,0,1,0,1
15,109,0,0,0,0
34,576,0,1,0,3
6,1803,0,0,0,4
11,1494,0,0,0,5
81,1865,0,0,0,1
80,2511,0,0,0,0
33,2562,0,0,0,4
83,2800,0,1,0,6
99,2278,0,0,0,8
16,953,0,0,0,2
91,2607,1,1,0,5
14,1946,1,0,0,4
29,74,0,0,0,8
48,2479,0,0,0,10
97,2695,1,0,0,9
89,463,1,0,0,1
92,526,0,0,0,4
33,1538,0,1,0,3
95,342,0,0,0,2
59,1082,0,0,0,10
64,1531,0,1,0,0
61,670,1,0,1,3
33,2167,0,0,0,9
34,2723,1,0,0,5
18,2453,1,0,0,7
72,1165,0,0,0,7
43,1085,1,1,1,9
42,1763,1,1,0,10
16,1948,0,0,0,1
54,1355,1,1,0,10
33,2123,1,1,0,1
14,37,0,0,0,5
82,1205,0,0,0,5
52,1812,1,1,0,5
56,1878,0,0,0,10
10,485,0,1,0,4
8,201,0,0,0,7
91,2505,1,0,0,9
58,1832,0,0,0,9
19,2236,0,1,0,5
89,1387,0,0,0,7
33,501,0,0,0,0
66,1587,0,1,0,0
75,1542,0,0,0,0
43,2495,0,0,0,9
83,2812,1,0,0,5
100,1401,0,0,1,2
14,489,1,1,0,6
76,1235,0,0,0,8
44,2046,0,0,0,5
15,2378,0,0,1,10
42,2635,0,1,0,7
61,2720,0,1,0,0
40,1515,0,1,0,5
94,2056,0,0,1,0
78,2134,0,0,0,8
79,788,0,1,0,4
43,1434,0,1,0,7
80,645,0,0,0,2
39,671,0,0,0,2
5,1393,0,0,0,0
83,1566,0,0,0,5
33,565,0,1,0,10
55,2638,1,1,0,0
8,1753,0,0,0,2
93,80,0,0,0,10
69,79,0,1,0,1
2,914,0,0,0,8
27,508,1,0,0,9
79,1033,0,0,0,3
58,21,0,1,0,7
65,324,1,0,0,1
38,330,0,0,0,3
38,1538,0,0,0,1
94,1850,1,0,1,10
36,2179,0,0,0,10
31,2701,0,0,0,8
44,1779,0,1,1,7
22,992,0,0,0,3
96,2393,0,0,0,2
56,445,0,0,0,8
27,2051,0,0,0,1
96,905,0,0,0,10
85,1207,0,0,0,10
51,1672,0,0,0,9
34,803,0,0,0,6
19,993,0,0,0,10
46,669,1,0,0,1
4,808,0,0,0,8
2,810,0,0,1,5
11,1399,1,0,0,8
14,269,1,0,0,0
34,297,1,0,0,8
11,2109,0,0,0,5
96,1795,0,0,0,5
22,1556,0,0,0,10
20,875,1,0,0,2
51,900,0,0,0,9
39,296,0,0,0,8
42,1245,1,0,0,2
35,1150,0,0,0,3
44,789,1,0,0,3
10,435,0,0,0,0
69,1819,0,0,0,7
1,2656,0,0,0,8
64,2810,0,0,1,9
85,1085,0,0,0,1
89,2075,1,0,0,3
92,447,0,0,0,2
68,1287,1,0,0,0
47,135,0,0,0,8
69,2011,0,0,0,0
6,1071,0,0,0,3
40,1883,0,0,0,7
67,1505,1,0,0,0
48,2814,1,0,0,7
18,177,0,1,0,6
88,79,0,1,0,8
37,2447,0,0,1,7
82,385,0,1,0,8
54,333,0,0,0,5
62,328,1,0,0,7
95,452,1,0,0,10
77,1570,1,0,0,7
79,2217,1,0,1,5
31,27,0,0,0,1
18,1588,0,0,0,2
31,1638,0,0,0,2
59,604,0,0,0,4
1,2758,0,0,0,0
10,1157,0,0,0,10
24,1392,1,0,0,4
45,1570,0,0,0,2
33,1358,0,0,0,4
77,1266,0,1,0,7
15,609,0,0,0,3
3,2518,0,0,0,0
43,1894,0,0,1,0
74,1042,0,0,0,2
50,2066,0,0,0,0
29,2368,0,0,0,0
84,752,1,0,0,1
98,1022,1,0,0,4
44,2407,0,0,0,0
74,2340,0,0,0,9
100,1423,0,0,0,7
57,116,0,0,0,2
22,96,0,0,0,8
87,665,1,1,0,1
23,48,0,0,0,0
21,260,1,0,0,10
51,1395,0,0,1,7
87,1235,1,0,1,1
44,1787,0,0,0,6
40,1498,0,0,0,4
76,1728,0,0,0,9
6,47,0,0,0,2
62,2195,0,0,1,6
28,947,0,0,1,9
15,1533,0,0,0,0
12,2137,0,0,0,2
72,2555,1,1,0,8
73,91,1,0,0,3
40,2333,1,0,0,10
58,426,0,1,0,8
33,771,0,0,0,9
40,826,1,0,0,4
73,437,0,0,0,0
46,263,0,0,0,6
11,2553,1,1,0,1
4,381,0,0,0,2
88,838,0,0,0,8
89,1284,0,0,0,7
68,1943,0,0,0,7
34,1198,1,0,0,8
90,673,1,0,0,3
85,1630,0,0,0,7
25,2662,0,0,0,0
39,1393,1,0,1,5
70,85,0,0,0,4
90,2471,1,1,1,1
77,1617,0,0,0,5
10,1724,0,0,0,1
65,409,0,0,0,2
48,1477,0,0,0,2
67,1843,1,1,0,5
44,892,0,0,0,9
100,2675,0,0,0,3
13,1454,0,0,0,0
39,2679,0,1,0,5
7,2509,0,0,0,9
38,888,1,0,0,3
97,2697,0,1,0,8
16,2561,0,0,0,2
25,2192,1,1,0,5
90,1845,0,0,0,3
93,2432,0,1,0,9
64,222,0,0,0,0
1,2648,0,0,1,0
23,1359,0,1,0,9
17,1875,0,0,0,7
38,2774,0,1,0,1
40,2755,0,0,0,9
73,1437,1,0,1,7
6,2241,1,0,0,3
32,1923,0,0,0,2
14,1945,0,0,0,10
53,2604,0,0,1,10
22,2594,0,0,0,2
84,495,1,1,0,10
59,1130,0,1,0,3
8,11,0,0,0,9
56,2039,0,0,1,5
97,1978,0,0,0,8
58,2041,0,1,1,10
26,2088,0,0,0,4
82,2310,0,0,0,2
70,1234,1,0,0,7
18,2470,0,0,0,9
32,2154,0,0,1,2
90,240,0,1,1,4
41,1957,1,1,0,3
31,2583,1,1,0,0
16,1850,0,1,0,4
50,245,0,0,0,3
4,2659,0,0,0,8
91,1907,0,0,1,10
15,1939,1,1,0,1
19,1263,1,0,0,8
48,36,1,0,1,10
36,1743,0,0,0,7
2,2051,0,0,0,4
85,613,0,0,0,9
12,787,0,0,0,9
82,1090,0,0,0,0
38,1922,0,0,0,8
80,1738,1,0,0,2
56,655,0,0,0,6
58,2665,1,0,0,3
57,1954,0,1,0,9
28,1045,0,0,0,4
9,938,1,0,0,3
100,2679,0,1,0,8
49,157,0,0,0,4
7,333,0,0,0,4
89,2509,0,0,0,1
66,1650,1,0,0,7
60,2274,1,0,0,3
46,1114,0,0,0,2
15,1514,0,0,0,7
31,776,1,0,0,3
93,1317,1,0,0,6
69,528,0,0,0,1
98,2005,0,1,0,7
84,2318,1,0,1,0
46,2459,1,0,0,8
62,276,0,0,0,2
48,1025,0,0,0,8
71,1213,1,0,1,4
58,2483,0,0,0,10
94,2736,0,1,0,9
8,500,0,0,0,2
96,1407,0,0,1,3
80,763,0,0,0,3
50,1502,0,0,0,8
75,1121,0,1,0,4
30,855,1,1,0,1
33,1633,0,0,0,0
54,1634,0,0,0,6
72,2592,1,0,0,5
50,2003,0,0,0,1
89,1118,0,0,0,3
49,1453,1,0,0,10
98,1224,0,0,0,6
67,1919,0,0,0,9
93,730,1,0,0,10
95,1780,0,0,0,4
70,2092,0,1,0,1
22,1401,1,1,0,10
79,1873,0,0,0,9
16,2590,0,0,0,6
99,1532,0,0,0,9
36,420,0,0,0,4
14,411,0,1,1,2
62,2602,1,0,0,7
87,2198,0,1,0,0
89,1393,0,0,0,3
21,2598,0,0,0,2
91,1642,0,0,0,4
58,2252,1,0,0,8
84,2210,0,0,0,7
97,1962,0,0,0,1
61,607,0,1,1,3
88,825,0,0,1,0
58,1474,1,0,0,7
30,2674,0,1,0,3
71,2152,1,1,0,8
60,2205,1,0,1,6
61,1000,1,0,1,7
38,1043,1,0,0,2
40,1650,1,0,0,3
12,1531,1,0,0,2
84,1885,0,0,0,1
16,2597,0,0,0,8
58,1930,1,0,0,10
25,803,1,0,0,0
92,1741,1,1,0,7
30,2229,0,1,0,2
63,2367,1,0,0,2
55,2743,1,0,0,4
58,1938,0,0,0,3
60,812,1,0,0,1
29,944,0,0,0,3
85,520,1,0,0,4
82,896,0,0,0,2
95,1178,0,0,0,10
24,976,0,0,0,0
46,1014,0,0,0,10
35,2605,1,0,1,9
34,131,0,0,0,6
50,2433,0,0,0,8
28,1760,1,1,0,8
65,904,0,1,0,9
44,1963,0,1,0,9
73,751,0,0,1,1
74,841,1,0,0,3
55,2458,0,0,0,3
78,330,1,0,0,7
75,2480,0,1,1,7
90,2303,1,0,0,7
94,830,0,0,0,7
35,1515,0,0,0,1
95,2144,0,1,0,10
64,1140,0,0,0,4
76,380,0,0,0,4
22,1391,1,0,0,5
23,2540,0,0,1,4
59,1605,0,0,0,8
96,157,0,0,0,9
73,1222,0,0,1,10
26,496,0,0,0,0
74,2152,0,0,0,5
52,1447,0,0,0,3
66,204,0,0,0,10
33,457,0,0,0,9
93,2335,0,0,0,0
25,1944,1,0,0,0
39,1729,1,0,0,2
90,23,0,1,0,8
18,1963,0,0,0,4
9,1458,1,0,0,3
48,1526,0,0,0,9
87,218,0,0,0,1
5,576,0,1,0,8
56,517,1,0,0,0
1,1465,0,1,0,0
65,2401,1,1,0,7
79,1949,0,0,0,3
26,1365,0,0,0,0
1,660,0,0,1,10
74,1937,0,1,0,5
21,977,0,0,0,3
65,624,1,0,0,2
47,1497,1,0,0,1
83,553,0,0,0,8
58,2118,0,1,0,1
69,1319,1,0,0,10
44,869,1,1,0,3
99,1210,0,0,0,8
66,1974,0,0,0,5
86,2333,0,1,0,0
25,2479,0,0,0,1
16,510,0,1,0,10
11,1807,1,0,0,1
46,1205,0,0,0,7
40,1381,0,1,0,5
23,208,0,0,0,7
76,753,1,0,0,8
81,2353,1,0,0,9
59,1106,0,0,0,8
70,125,0,0,0,8
53,1812,0,1,0,0
58,696,1,0,0,9
5,806,0,1,0,8
90,1584,0,0,0,4
79,1832,0,0,0,2
86,779,0,0,0,5
35,329,0,0,0,1
17,422,1,0,0,8
64,2739,0,0,0,9
36,1525,1,0,0,0
21,1350,1,0,0,5
49,651,0,0,0,10
90,1239,0,1,0,0
15,2409,1,0,0,2
70,237,0,0,0,1
94,1676,1,0,0,3
51,1249,0,0,0,7
28,221,0,0,0,2
15,31,0,1,0,4
46,741,0,1,0,9
82,2758,0,0,0,1
9,1336,1,0,0,10
58,378,0,0,0,5
2,2502,0,0,0,6
59,2292,1,1,0,7
97,2382,0,0,0,3
96,2722,0,1,0,3
18,2176,0,1,0,7
8,722,0,0,0,10
10,704,0,1,0,10
14,286,0,0,0,7
77,2225,1,0,0,5
91,2615,0,0,0,8
3,2291,0,0,0,9
48,1311,0,1,1,7
27,2765,0,0,0,10
10,382,0,0,0,9
34,2159,0,0,0,7
29,1358,1,0,0,7
87,2408,0,0,0,5
30,2339,1,0,0,5
80,382,0,0,0,10
63,525,1,0,1,4
41,2743,0,0,0,2
21,1719,0,0,0,5
35,1348,1,0,0,3
1,2646,0,0,0,4
80,2400,1,1,0,6
25,1208,1,0,1,6
6,1817,0,0,0,10
55,1017,1,0,0,7
10,1272,1,1,0,9
53,397,0,0,1,7
52,43,0,1,0,0
37,2711,0,0,0,7
31,356,0,0,0,8
87,1620,0,0,0,7
74,1003,0,0,0,7
89,1553,0,0,0,6
91,847,0,0,0,3
93,1477,0,0,0,6
7,2599,0,1,0,9
95,194,0,0,0,0
52,865,0,0,1,0
70,2127,1,1,1,3
37,2068,0,0,0,6
50,1832,0,0,0,8
4,1450,0,1,1,8
98,2562,1,0,0,6
64,532,0,0,0,7
26,1578,1,0,0,2
52,445,0,0,0,6
58,1962,1,0,0,9
87,2505,0,0,0,5
75,120,0,0,0,1
78,16,1,0,0,1
67,1580,0,0,0,7
50,2055,1,0,0,6
82,2043,0,0,0,9
10,1168,0,0,0,6
70,2582,0,0,0,7
98,545,1,0,0,4
19,348,0,0,0,4
68,1709,0,1,0,5
20,915,0,1,0,0
92,2729,0,0,0,1
98,774,0,0,0,6
69,1571,1,0,0,4
8,1335,1,0,0,8
15,1160,0,0,0,5
48,1941,0,0,0,10
95,1303,0,1,0,9
51,1782,0,1,0,6
77,2699,0,1,0,7
4,198,1,0,0,9
63,975,0,0,1,6
9,2584,1,0,0,4
96,1431,0,1,0,5
44,1755,0,1,0,8
19,1426,0,0,0,0
48,1010,0,0,0,8
58,2110,1,1,0,0
30,2650,1,0,1,8
5,2063,0,1,0,8
36,2381,1,1,0,7
27,1601,1,0,0,6
31,24,0,0,0,2
76,222,0,0,0,2
73,1738,1,0,0,8
11,2764,1,0,0,7
42,1018,0,0,0,2
79,791,0,0,0,5
71,35,1,0,1,4
89,873,1,0,0,0
6,319,0,0,0,7
14,538,0,1,0,0
16,1130,1,1,0,0
100,2276,0,0,0,2
72,199,0,0,0,2
84,2362,1,0,1,2
20,493,1,0,0,9
53,2209,0,0,0,10
75,1690,0,0,0,1
43,877,1,0,0,9
71,1663,0,0,0,7
59,743,0,0,1,2
22,2756,1,0,0,2
5,1929,0,1,0,3
57,168,1,0,0,8
62,2700,0,0,0,8
97,1444,0,1,0,6
1,2083,0,0,0,6
91,422,0,0,0,4
39,237,0,0,0,8
45,1325,0,0,1,7
27,1808,1,0,0,3
81,2420,1,0,1,4
14,664,0,0,0,5
56,53,1,1,0,5
94,675,0,0,0,2
86,1867,0,1,0,8
43,1845,0,0,0,9
89,456,0,0,0,2
13,2485,1,0,0,4
90,814,0,0,0,9
28,2221,0,0,0,9
35,2008,0,0,0,6
30,1015,0,0,0,7
80,1857,0,0,0,3
2,415,0,0,1,4
86,1530,0,0,0,4
69,1744,1,0,0,5
96,1927,0,0,0,5
15,1473,0,0,0,1
99,778,0,0,0,7
68,2346,1,0,1,2
44,904,0,1,0,0
63,339,0,0,0,7
63,1822,0,1,0,2
85,572,0,0,0,4
79,586,1,0,0,6
19,2495,1,0,0,8
51,385,0,1,0,10
34,1372,0,1,0,2
54,2516,1,1,0,9
18,2259,0,1,0,1
2,2224,0,0,0,5
24,2135,0,0,0,5
100,1799,0,0,0,3
38,748,0,0,1,8
26,2575,0,0,0,3
94,465,0,0,0,10
26,2443,1,0,0,2
66,5,0,0,0,5
47,2396,0,0,0,0
21,1428,0,0,1,0
53,2166,0,0,0,4
86,253,0,0,0,0
26,2597,0,1,0,0
8,1270,1,1,0,10
35,135,0,0,0,1
80,1326,1,0,0,8
13,2503,0,1,1,3
18,772,0,0,0,3
80,1135,1,0,0,2
81,1215,1,0,0,5
81,450,0,0,0,7
70,1200,0,0,0,9
60,2247,1,1,1,8
21,1157,0,0,0,6
77,2519,1,0,0,2
10,2691,0,0,0,2
99,826,0,0,0,1
76,1505,1,0,1,8
64,168,0,1,0,9
25,2481,1,0,0,0
17,1740,1,0,0,9
21,285,0,0,0,7
87,510,0,0,0,5
12,1580,0,0,0,0
92,2499,0,0,0,1
11,1137,0,0,0,8
89,69,1,1,0,3
63,1434,0,0,0,9
66,981,0,0,0,6
51,254,1,1,0,2
46,438,0,0,0,9
73,2694,0,0,0,0
21,278,0,0,0,8
73,2142,1,1,0,6
56,2397,1,0,0,6
92,1743,1,0,0,3
87,972,0,0,0,8
82,1661,0,0,0,0
29,871,1,1,0,5
61,1699,0,1,0,5
81,1241,0,0,0,1
30,1912,0,0,0,9
43,2279,0,1,0,0
88,1217,0,1,1,2
59,1958,0,1,0,7
5,378,0,0,0,4
3,633,1,0,0,1
84,2685,1,0,0,4
73,105,0,0,0,2
70,1807,0,0,0,7
58,605,0,0,0,10
100,2801,1,0,0,7
61,2346,0,0,0,5
9,2671,0,0,0,1
39,120,1,0,0,4
39,344,1,0,0,5
87,2229,0,1,0,6
17,715,1,0,0,8
100,2027,1,0,0,0
27,1535,1,0,0,4
41,450,0,1,0,6
5,212,0,0,0,2
69,663,1,0,0,9
62,356,1,0,0,8
40,910,1,0,0,5
37,1077,0,0,0,2
56,1811,1,1,1,0
12,63,0,1,0,4
76,1530,0,1,0,4
49,1453,1,1,0,7
94,2715,0,0,0,0
92,1431,1,0,0,8
62,1116,0,0,0,8
37,691,1,0,0,2
96,301,0,0,0,4
85,2660,0,0,0,6
16,2328,0,0,0,4
65,2498,0,0,0,9
42,2315,0,0,0,9
43,2226,1,0,0,2
71,1942,0,0,0,4
65,854,0,0,0,4
38,2273,1,0,1,8
43,487,0,1,0,6
49,1356,0,0,0,8
68,133,0,0,0,0
47,346,0,0,0,8
83,524,1,0,0,3
12,2285,0,1,0,5
38,486,0,0,0,10
30,1704,0,0,0,10
82,784,0,0,0,3
91,2124,1,0,0,1
94,2671,1,0,0,6
54,260,0,0,0,2
40,1987,0,0,0,6
44,1903,0,0,0,5
26,305,0,0,0,8
22,1686,1,0,0,7
52,972,0,0,0,10
97,1763,1,0,0,4
70,1673,1,0,0,5
96,1790,0,0,0,7
51,2725,1,0,0,3
75,964,1,0,0,10
1,1160,0,0,0,5
44,92,0,0,0,9
16,1960,0,0,0,9
6,2737,0,0,0,10
76,264,0,0,0,5
77,2088,1,0,1,10
68,1251,0,1,0,10
54,368,0,0,0,3
87,429,0,0,0,4
8,1223,1,0,0,0
14,1334,0,0,0,10
64,607,0,0,0,1
61,2383,0,0,0,2
31,557,0,0,0,9
61,2209,0,0,0,9
89,1858,1,0,0,6
70,747,0,0,0,7
74,1351,1,0,0,3
76,1945,0,0,1,10
31,231,1,1,0,8
88,1449,0,1,0,1
83,2261,0,0,0,3
61,829,0,0,0,9
29,647,1,0,0,3
55,1796,1,0,0,7
22,2337,1,0,0,2
4,971,1,0,1,1
84,1388,1,0,0,1
58,2559,0,1,0,0
3,2020,0,1,0,7
1,851,0,0,0,9
42,1926,0,0,0,1
46,990,0,1,0,0
84,132,0,1,1,10
98,1745,1,0,0,9
20,1611,0,1,0,5
92,2288,1,0,0,10
74,2325,0,1,0,2
16,1208,0,0,0,5
77,134,1,0,0,5
13,1722,0,0,0,5
18,805,0,0,1,8
87,2657,0,0,0,10
97,699,0,0,0,7
27,1954,0,0,0,3
100,2346,1,0,0,0
37,1607,0,0,1,8
97,901,1,0,0,3
13,1578,0,0,1,10
88,214,1,0,0,5
11,256,0,0,0,2
40,821,0,0,0,0
57,122,0,0,0,3
90,2227,1,0,0,9
19,1016,0,0,0,3
4,375,0,0,0,3
27,1658,0,0,0,2
20,725,0,0,0,4
61,289,1,0,0,4
15,2796,0,0,0,0
5,2087,0,1,0,5
30,1375,0,0,0,0
79,1862,1,0,0,3
29,710,1,0,0,4
11,154,0,0,0,5
91,1331,0,0,0,2
4,397,0,0,0,5
82,112,0,0,0,3
6,279,0,0,0,0
20,152,0,0,0,0
7,212,0,0,0,2
47,1437,1,0,0,5
59,1969,0,0,0,4
36,1318,0,0,0,0
33,185,1,0,0,9
58,2426,0,1,0,10
72,181,1,1,0,4
68,2066,0,0,0,10
31,2722,0,0,0,4
56,2554,0,1,0,10
42,385,0,0,0,10
59,584,0,1,0,8
61,1995,0,0,0,10
91,1318,0,0,0,2
31,491,0,0,0,6
84,716,0,0,0,8
72,469,0,0,0,1
87,2164,0,0,0,7
52,161,0,0,0,8
73,1849,0,1,0,9
94,1161,0,0,0,4
85,453,1,0,0,0
78,2195,0,0,0,10
18,2512,0,0,0,8
65,900,0,0,0,1
72,1007,1,0,0,1
20,2560,0,0,0,7
51,54,0,0,0,7
47,243,1,0,0,8
52,15,1,0,0,3
73,700,0,0,0,4
52,2505,0,1,0,5
82,16,0,0,0,6
49,2022,0,0,0,8
85,2692,1,0,0,1
47,1703,0,1,0,2
68,2153,0,1,0,2
5,992,1,0,0,7
91,2060,0,0,0,8
53,2278,0,0,0,9
84,918,0,0,0,8
51,752,1,0,0,5
1,373,0,0,1,10
56,217,1,0,0,10
90,2273,0,0,0,3
1,2084,0,0,0,3
2,2267,1,0,0,10
15,97,1,0,0,3
86,1223,0,0,0,4
96,2017,1,1,0,7
18,93,0,1,0,4
20,66,1,0,0,2
85,613,1,0,0,1
16,2250,0,1,0,0
31,1841,1,1,1,3
26,1391,0,0,0,3
63,1367,1,1,0,0
16,922,0,0,0,10
100,1388,1,0,1,7
54,1142,0,0,0,5
60,184,0,1,0,8
53,15,0,0,0,1
33,2052,1,0,0,10
66,1111,1,0,0,2
20,2125,0,0,0,5
89,2283,0,0,0,4
5,1858,0,0,0,0
33,650,0,0,0,3
87,2689,0,0,0,7
5,385,0,0,0,9
53,58,0,1,0,10
31,1795,1,0,1,2
21,2046,1,0,0,6
88,80,0,0,0,8
62,636,0,0,0,3
68,2381,1,0,1,2
21,2015,0,0,0,8
14,1571,1,0,0,0
29,403,0,0,0,2
75,1464,0,1,0,8
85,2477,0,1,0,1
28,410,0,1,0,7
18,2729,0,0,0,9
100,513,0,0,0,1
45,2242,0,0,0,8
29,2230,1,0,0,5
64,2394,0,0,0,1
92,172,1,0,0,8
27,252,0,0,0,6
39,586,0,1,0,7
18,1320,1,0,0,2
7,59,1,1,0,1
23,2350,0,0,0,3
81,242,0,1,0,7
30,2662,0,0,1,10
20,2131,0,0,0,6
90,827,0,0,0,2
99,2241,1,0,0,9
98,1347,0,0,0,8
55,781,0,0,1,7
51,2318,1,0,0,1
15,182,0,0,0,10
93,1653,0,0,0,7
99,648,1,0,0,5
11,1329,0,0,0,7
72,512,0,0,0,4
65,24,0,0,0,10
57,432,0,0,0,2
29,556,0,1,0,5
99,2813,1,0,0,2
93,263,0,0,0,0
15,874,0,0,0,4
6,1756,1,0,0,5
99,705,0,0,0,8
64,838,0,0,0,7
6,2140,0,0,1,9
11,188,0,1,0,0
21,2076,1,0,0,5
85,1813,0,1,0,6
30,278,1,0,0,9
70,1562,0,0,0,8
60,1304,1,0,0,5
74,2031,0,0,1,0
77,1644,1,0,0,8
48,1845,0,0,0,10
19,251,1,0,0,1
35,2009,0,0,0,0
68,2194,0,0,0,0
63,730,1,1,0,4
50,1173,0,1,0,6
55,1718,1,1,0,4
60,1285,0,0,0,9
79,1143,1,1,0,6
80,1215,1,0,0,3
44,737,1,1,0,3
88,2561,1,0,0,7
25,2455,0,0,0,10
51,311,0,0,0,1
72,1933,0,0,0,5
81,314,1,0,0,1
47,443,0,0,0,9
16,1982,1,0,0,6
55,1247,0,1,0,9
51,148,0,0,0,8
67,571,0,0,0,8
53,608,0,0,0,6
64,602,0,0,1,2
73,2497,0,0,0,1
80,666,0,0,0,3
54,1935,1,0,0,5
49,1640,0,0,0,1
67,1346,1,0,0,5
27,586,1,0,0,1
56,2690,1,0,0,3
70,838,1,0,0,9
94,2006,1,0,0,0
21,1046,0,1,0,2
26,442,0,0,0,9
20,2382,1,0,0,9
20,2021,1,0,0,4
89,2392,0,0,1,3
77,2604,1,0,0,4
11,2288,0,1,0,0
56,1812,0,0,1,10
36,1415,0,0,0,1
64,607,1,0,0,3
14,151,1,1,0,9
93,862,0,1,0,2
81,2581,0,0,0,10
24,93,0,0,1,6
74,614,1,0,0,0
43,645,0,1,0,6
98,278,0,0,0,2
78,38,0,0,0,2
63,193,0,0,0,9
76,1943,0,0,0,4
3,2584,1,1,0,6
4,1963,0,0,0,3
32,2279,1,0,0,2
26,1010,0,0,0,1
76,93,1,0,0,6
82,1148,0,1,0,6
99,1399,0,0,0,0
46,161,0,1,0,6
31,1791,0,0,0,9
88,1453,0,0,0,6
52,1269,0,0,1,10
48,171,0,0,0,3
38,895,0,0,0,2
32,1955,0,0,1,0
99,122,0,0,0,8
57,2574,1,0,0,10
41,2228,0,0,1,7
20,1354,1,0,0,3
3,635,0,1,0,9
11,1512,1,0,0,2
46,2666,0,0,0,4
60,1384,0,0,0,3
77,857,1,0,0,2
67,883,1,0,0,4
36,407,1,1,0,9
16,76,0,0,0,6
78,779,0,0,0,0
58,86,0,0,0,5
68,965,0,0,0,9
41,953,0,0,1,1
22,545,0,1,0,9
86,389,1,1,0,1
13,2127,0,0,0,2
53,1397,0,0,0,0
100,1527,1,0,0,6
22,627,0,0,0,9
25,2471,0,0,0,4
46,2444,0,0,0,10
19,339,1,0,0,9
51,330,0,1,0,2
93,2599,1,1,0,10
82,923,0,0,0,7
73,1420,1,0,0,6
47,2392,1,0,0,9
61,2522,0,0,1,8
88,472,0,0,0,1
59,662,0,1,1,3
8,127,0,1,0,1
20,246,1,1,0,8
50,257,0,0,0,7
18,422,0,0,0,4
15,2193,0,1,0,2
30,148,0,1,0,4
59,2437,0,0,0,7
54,1553,0,0,0,3
68,886,0,0,0,10
62,1524,0,0,0,7
17,666,1,0,0,6
13,769,0,0,0,7
80,281,0,0,0,0
22,2337,0,1,0,1
72,1968,0,1,0,4
43,1006,0,0,0,3
100,684,0,0,0,2
79,898,0,1,0,1
43,1202,0,0,0,1
87,50,0,0,0,3
47,1276,0,0,0,2
10,1381,1,0,0,0
89,854,0,0,0,10
14,2491,1,0,0,3
55,1142,0,1,0,8
7,2644,0,0,0,4
10,1587,0,1,0,6
61,70,0,0,0,2
8,2460,0,0,0,3
66,780,0,0,0,2
47,339,0,0,0,5
39,2092,0,1,0,8
92,2087,1,0,0,4
33,197,1,0,1,9
22,1524,1,0,1,6
57,67,0,0,0,9
48,2353,0,1,0,5
83,1836,0,0,0,8
82,945,0,0,0,1
30,238,0,1,0,5
100,283,0,0,0,0
58,1188,1,0,0,8
64,1978,1,0,0,2
4,1115,1,0,0,1
65,429,1,0,0,1
1,615,0,0,0,2
92,1264,0,0,0,3
87,2040,1,1,0,9
45,2284,1,1,0,4
61,1201,0,0,0,9
22,1255,0,0,0,9
99,2044,0,0,0,6
47,1569,1,1,0,7
40,511,0,0,0,6
55,1130,1,0,0,7
41,631,0,0,0,3
86,488,1,0,0,4
37,795,0,1,0,7
95,2607,0,0,0,9
23,2014,0,0,0,9
69,2747,0,0,0,4
64,2308,0,0,0,4
46,1970,0,0,0,7
56,1534,1,0,0,4
64,888,0,1,0,7
69,737,1,0,0,2
77,532,0,0,0,8
60,2074,1,0,0,5
35,2453,0,1,0,9
81,1051,0,0,0,10
7,668,0,0,0,6
6,1840,0,0,0,8
59,549,1,0,0,10
87,2224,0,0,0,9
23,209,0,0,0,1
24,1752,0,0,0,9
24,524,0,0,0,9
43,2525,0,1,0,3
46,1604,0,0,0,10
77,1412,1,0,0,8
89,1897,0,0,0,10
85,2356,0,0,0,2
51,1674,1,0,0,1
38,381,0,0,0,0
48,111,0,0,1,6
49,659,0,1,0,7
23,2410,0,0,0,6
48,2358,0,1,0,10
27,648,0,0,0,0
34,729,1,0,0,5
4,1462,1,1,0,0
47,331,1,0,0,2
23,870,0,0,0,5
72,82,1,1,0,1
13,2204,1,0,0,0
24,2110,0,1,1,8
75,2662,0,1,0,1
96,765,0,0,0,4
21,1956,1,0,0,10
69,423,0,0,0,6
55,1838,1,0,0,10
3,1083,0,0,1,2
84,1230,0,0,0,8
36,879,0,0,0,5
57,1722,0,0,0,2
6,1525,0,0,0,8
65,9,0,0,0,1
12,2509,0,1,0,1
59,416,0,0,0,10
37,2414,0,0,0,1
17,1742,0,0,0,9
45,1430,0,0,0,8
36,2403,0,0,0,8
16,578,1,0,0,8
45,1918,1,0,1,6
61,2484,0,0,0,4
98,1074,1,1,0,10
1,2742,1,1,1,8
42,793,1,0,0,9
89,263,0,0,0,6
82,1226,0,1,0,2
34,1733,0,0,0,10
34,1186,0,0,0,0
38,827,0,0,0,8
91,2800,0,0,0,3
4,1038,0,0,0,10
82,189,1,0,0,10
38,355,0,0,0,4
72,585,1,0,0,9
80,1965,1,0,0,0
20,2781,0,0,0,1
67,682,1,0,1,1
47,2163,0,0,0,4
72,896,1,0,0,10
57,600,0,0,0,9
65,395,0,0,0,9
32,2641,0,1,0,1
86,385,1,0,0,4
100,898,0,1,0,10
10,1945,0,0,0,0
56,573,0,0,0,3
27,1103,0,0,0,6
32,1986,0,1,0,2
64,667,0,0,0,7
95,1661,1,0,0,5
19,1474,0,0,0,2
17,1408,0,1,0,3
52,1388,0,0,0,0
76,1805,1,0,1,3
8,551,0,0,0,8
22,471,0,0,0,0
8,1396,1,0,1,3
15,1235,0,1,0,9
74,612,1,0,0,9
62,2260,1,0,0,7
18,2530,0,0,1,0
53,742,1,0,0,9
63,2496,1,1,1,4
73,476,1,1,1,4
37,416,0,0,0,7
66,361,0,0,0,6
12,1945,0,1,0,1
44,2485,0,0,0,6
27,1333,0,0,0,10
82,826,1,0,0,0
18,2654,0,1,0,10
8,262,0,1,0,7
75,730,0,0,0,4
20,2420,1,0,1,8
13,1657,1,0,0,7
83,1633,0,0,0,3
8,1302,0,0,0,0
54,734,0,1,0,8
3,400,0,0,0,9
18,990,0,0,0,0
57,2484,0,0,0,1
66,1702,0,0,0,10
29,1167,1,0,0,5
6,1197,1,0,0,7
15,353,1,1,0,2
33,502,0,1,0,9
42,2761,0,0,0,10
68,1189,0,0,0,7
16,710,1,1,0,7
26,1115,1,0,0,1
5,2433,1,1,0,5
13,1706,1,0,0,3
39,1431,1,0,1,1
55,1979,1,0,0,8
50,978,0,0,0,9
6,2790,0,0,0,5
48,476,0,1,0,4
83,1587,1,1,0,6
53,742,0,0,0,1
58,1398,0,0,0,10
75,509,1,0,0,6
14,2500,0,0,1,4
84,1286,1,0,0,1
21,960,0,0,0,3
55,201,0,0,0,10
72,886,0,1,0,6
52,943,0,0,0,1
70,2763,0,1,1,0
40,1680,0,0,0,9
15,1785,0,1,0,2
60,1474,1,0,0,4
23,1565,0,0,0,8
6,1254,0,0,1,1
76,2553,1,1,0,6
41,2031,1,0,0,3
85,1658,0,1,0,2
25,1233,0,0,0,9
40,193,0,0,0,8
4,135,0,0,0,4
32,2045,0,0,0,10
24,2148,0,0,0,7
39,2491,0,1,1,10
93,202,0,0,0,4
85,2781,0,0,0,3
62,2486,0,0,0,4
28,2240,0,1,0,4
65,2125,1,1,0,10
25,2026,0,0,0,0
25,829,0,0,1,9
22,1289,0,0,0,7
83,2198,0,1,0,10
34,2751,0,0,1,3
47,2325,0,0,0,1
47,222,0,1,0,2
45,1597,0,0,0,4
69,1500,0,1,1,3
44,2653,1,0,0,0
55,124,0,1,0,7
70,850,0,0,0,4
89,727,1,0,0,3
71,1120,1,0,0,8
63,757,1,0,0,7
92,2020,1,0,0,1
21,212,0,0,0,7
36,123,0,0,0,3
88,2552,0,1,0,2
61,2800,0,0,0,10
90,1138,0,1,0,7
20,2237,0,0,0,0
50,1077,0,0,0,8
78,103,1,0,0,1
100,2120,0,0,1,9
80,2548,0,0,0,3
68,221,0,0,0,4
84,813,1,1,1,8
5,1574,0,1,0,3
67,2518,0,0,0,6
42,964,1,0,0,3
79,916,1,0,0,6
50,121,1,0,0,1
58,903,1,0,0,0
92,1047,1,1,0,3
90,769,1,0,0,7
3,540,0,0,0,10
92,1881,0,0,0,8
65,1005,0,0,1,2
86,1434,0,0,0,2
4,2755,0,0,0,4
92,1087,0,0,0,4
96,1131,0,0,0,4
47,1196,0,0,0,0
9,1642,0,0,0,0
50,1416,0,0,0,3
81,379,0,1,0,9
2,30,0,0,0,6
54,270,1,0,0,5
51,1898,0,0,1,7
98,1246,1,0,0,0
53,1678,0,0,0,8
33,102,1,0,1,6
55,1757,1,1,0,1
92,33,0,0,1,3
89,829,0,0,1,3
4,2566,0,0,0,3
52,52,0,0,0,5
18,1131,0,0,1,9
6,528,0,0,0,9
66,614,0,0,0,6
54,2346,0,0,0,0
60,2172,0,0,0,9
10,1076,0,0,0,8
56,1867,1,0,0,6
44,2647,1,0,0,2
21,962,1,0,1,5
6,2381,0,0,0,4
59,637,0,0,0,6
38,412,1,0,0,9
100,1663,1,0,0,7
55,773,1,0,0,6
99,2094,1,0,0,8
18,565,1,0,0,9
6,161,0,0,0,1
27,530,0,0,0,6
57,392,0,0,0,9
89,249,0,0,0,0
46,1571,0,0,1,8
88,1709,0,1,0,7
90,118,1,1,0,7
65,232,0,0,0,4
61,2128,0,0,0,7
47,538,0,0,0,0
24,2217,0,0,0,9
53,787,0,0,0,5
42,43,0,0,0,0
55,2319,1,0,0,10
2,1530,0,0,0,3
1,1576,1,1,1,8
26,2632,0,0,0,9
63,2361,0,1,1,9
55,824,1,0,0,9
46,1323,0,0,0,3
7,608,1,0,0,8
89,873,1,0,0,2
59,1706,0,0,0,10
41,1830,1,0,0,7
68,140,1,0,0,3
58,794,0,0,0,6
19,944,1,0,0,0
67,1732,0,0,1,5
24,81,0,0,0,7
26,2457,0,0,0,10
23,2165,0,0,0,10
83,27,0,1,0,5
71,1572,0,0,1,8
77,1361,1,1,0,6
10,500,0,0,0,9
85,2385,0,0,0,9
52,574,0,0,0,8
88,2098,0,1,0,9
84,2512,0,0,0,0
86,2579,0,1,0,6
79,2199,0,0,0,0
70,2718,1,0,0,0
100,1488,0,1,0,3
9,2126,1,0,0,0
62,2608,0,1,1,6
94,1909,1,0,0,2
34,1524,0,0,1,9
33,453,0,0,0,1
3,814,0,0,0,1
80,762,0,0,0,2
33,2082,0,0,0,1
1,2149,0,0,0,1
8,2028,1,0,0,6
81,670,0,0,0,7
88,38,1,0,0,9
42,2057,0,0,0,8
23,1626,0,0,0,6
87,325,0,0,0,4
30,2188,1,0,0,3
10,528,1,1,0,10
82,1791,0,0,1,8
93,2745,0,1,0,1
78,1147,0,1,0,10
8,1520,0,0,0,4
99,1334,0,1,0,1
96,2075,0,1,0,8
16,2349,0,0,1,10
43,972,0,1,0,6
28,2672,1,0,0,3
14,54,0,0,0,9
26,1214,0,0,0,8
40,813,0,0,0,1
75,2122,0,1,0,3
24,1666,1,0,0,1
78,234,0,0,0,0
17,2182,1,0,0,10
55,2212,1,0,0,6
25,2264,1,0,1,9
92,664,0,0,0,2
11,1209,0,1,0,1
67,307,0,0,0,10
59,590,0,1,0,5
43,2758,1,0,0,2
50,2560,1,0,1,9
43,1811,0,0,0,9
69,643,1,0,0,7
26,1184,1,0,0,2
73,2639,1,0,0,7
43,1331,0,0,0,7
51,2273,1,0,0,3
87,2316,0,0,0,9
30,1477,0,1,0,5
4,2383,1,0,0,5
31,739,0,1,0,9
47,1951,0,0,0,4
71,293,1,0,0,6
72,2526,0,0,0,6
1,174,0,0,0,4
66,1422,0,0,0,9
15,2201,1,0,1,4
6,2315,1,0,1,0
95,2745,1,0,0,0
26,169,1,1,0,7
2,2586,1,1,0,9
16,1582,0,0,0,5
2,399,0,0,0,10
19,1295,0,0,0,7
7,1810,0,0,0,3
10,764,1,0,0,8
17,2210,0,0,0,6
14,2453,0,1,1,4
52,1304,0,0,0,9
71,1533,0,0,0,0
45,1361,0,0,0,0
41,1454,1,0,0,5
87,959,1,0,0,3
63,206,1,0,0,2
36,1732,0,0,1,10
83,2028,0,0,0,2
25,2439,0,0,1,3
76,2672,0,0,1,10
82,849,1,0,0,2
10,45,0,0,0,10
69,2400,0,0,0,10
27,626,0,0,1,5
19,574,0,0,0,4
64,475,1,1,0,0
85,2320,1,0,0,4
42,2611,0,0,0,7
58,736,0,0,0,8
72,1786,0,1,0,7
83,1524,0,0,0,1
76,2201,0,0,0,5
86,526,0,1,0,10
18,2169,0,0,0,9
88,1492,1,0,0,10
47,768,0,0,0,1
80,612,1,0,0,4
50,2366,0,0,0,1
66,1690,1,0,0,1
78,735,0,0,0,9
58,1994,0,0,0,6
59,2270,0,0,0,0
72,41,1,0,0,2
9,2462,1,0,0,6
53,1832,0,1,0,5
44,585,0,0,0,2
62,1176,1,0,1,0
25,368,0,1,0,8
23,2701,0,0,1,4
5,231,0,0,0,7
43,580,0,0,0,0
40,291,0,0,0,1
10,1765,0,0,1,10
44,22,1,0,0,6
87,1532,1,0,0,10
35,1354,0,1,0,2
93,2586,0,0,0,1
25,1803,1,0,0,0
31,321,1,0,0,3
71,1019,0,0,0,10
41,2395,0,0,0,4
50,1681,1,0,0,3
100,1930,0,0,0,7
91,2280,0,0,1,5
39,1952,0,0,0,5
30,2427,0,0,0,4
22,2550,0,1,0,5
79,153,1,0,0,9
42,2507,0,0,0,8
6,2098,0,0,0,6
37,738,0,0,0,0
16,2405,0,0,0,9
68,963,0,1,0,0
12,1637,1,1,0,0
73,2451,1,0,0,1
47,773,0,0,1,1
33,2514,0,0,0,4
80,1849,0,1,0,2
60,917,1,1,1,8
50,768,1,1,0,6
28,988,0,0,0,3
89,1501,0,0,0,9
38,2122,0,0,0,2
92,938,1,1,0,8
4,2730,0,0,1,6
6,1814,0,0,0,7
32,1987,0,1,0,6
37,2098,0,1,0,1
8,2482,0,0,0,2
81,2182,1,0,0,3
55,2316,0,0,0,8
71,1975,0,0,0,4
39,1869,1,0,0,4
66,2541,0,0,0,10
3,1495,1,0,0,6
46,2132,0,0,0,10
86,1555,1,0,0,1
61,1899,0,0,1,3
20,2281,1,0,0,6
38,1264,0,0,0,3
36,674,0,1,0,1
65,2383,0,0,0,3
73,818,0,0,0,3
51,103,1,0,0,9
27,1702,0,0,0,10
31,839,1,0,0,9
38,245,0,0,0,2
39,2281,0,0,0,2
69,1022,0,0,0,8
47,2088,1,0,0,4
91,2098,0,0,0,3
36,348,0,0,0,6
85,68,1,0,0,3
81,2187,0,0,0,10
68,2530,1,0,0,3
31,1163,0,0,0,2
76,2161,0,1,0,7
55,1501,0,0,0,3
60,1595,1,0,0,5
85,330,1,0,0,1
16,1781,1,0,0,0
56,1837,1,1,0,2
13,2217,0,1,1,9
57,1993,0,0,1,9
65,1616,0,0,0,0
97,1119,0,1,0,2
40,2778,0,0,0,8
85,621,0,0,0,3
73,2066,0,0,0,9
78,953,0,0,0,7
91,2414,1,1,0,1
15,2072,1,0,1,4
75,942,0,0,0,2
11,833,0,0,0,7
68,882,1,0,0,1
70,1186,0,0,0,5
89,2341,0,0,0,3
71,2682,0,0,1,6
5,2755,1,0,1,9
43,809,0,0,0,7
47,844,0,0,0,9
74,662,0,0,0,6
34,993,0,0,0,10
71,1857,0,0,1,5
52,263,0,0,0,5
62,2112,0,1,0,6
20,760,0,0,0,3
53,975,0,0,0,7
44,2671,0,0,0,7
57,606,0,0,0,3
93,2291,1,0,1,1
67,560,1,1,0,0
47,7,0,0,0,8
58,657,0,0,0,1
1,332,0,0,0,8
50,1553,0,0,0,1
1,1737,1,0,0,1
78,991,1,0,1,6
99,1158,0,0,0,2
2,952,0,0,1,5
45,240,0,0,0,6
34,1898,0,1,0,0
9,511,0,0,0,1
50,2375,0,1,0,5
69,1099,0,0,0,2
39,1912,0,0,0,6
92,443,0,0,0,4
71,1161,0,0,1,8
17,687,0,0,1,8
48,1379,0,1,0,9
18,1399,0,1,0,3
46,1098,0,0,0,5
81,697,0,0,0,6
17,2577,1,1,0,8
68,234,0,1,1,10
40,2119,1,0,0,0
98,1228,0,1,0,7
80,2667,0,0,0,3
5,596,1,0,0,0
95,350,1,0,0,9
71,1421,0,0,0,0
59,2723,0,0,0,7
50,591,0,0,0,1
92,2160,0,0,0,3
81,1659,1,0,0,2
60,1190,1,0,0,0
2,1420,0,0,0,10
23,2059,1,0,0,3
33,177,1,0,1,7
56,2452,0,0,0,1
22,2252,0,0,0,4
77,440,0,1,0,3
25,2466,1,1,0,4
11,2383,0,1,0,0
15,575,0,1,0,8
53,1729,0,0,0,3
18,1874,0,0,0,4
54,573,1,0,0,6
2,539,1,0,0,4
29,154,1,0,0,0
16,1974,0,0,0,0
100,1349,0,0,0,6
28,1866,1,0,0,10
68,1392,0,0,0,3
75,2479,0,0,0,10
86,1502,0,0,0,4
10,1419,1,0,0,7
37,2387,0,1,0,1
31,2026,1,1,0,4
36,1470,0,1,0,9
78,1438,0,1,0,8
25,251,0,0,0,5
43,2376,0,0,0,5
71,2499,0,0,1,1
36,1577,1,0,1,1
77,2480,1,0,0,6
90,2757,0,0,1,1
67,1319,0,1,0,6
17,1820,0,0,0,1
32,472,1,0,0,9
14,1090,0,1,0,6
85,2441,1,1,0,6
62,1922,0,0,0,7
37,2661,0,0,0,7
42,1068,0,0,0,5
34,953,0,0,0,9
45,913,0,0,0,6
2,732,0,1,1,4
43,2282,1,1,1,3
36,1909,0,0,0,3
9,2019,1,0,0,6
92,2383,0,0,0,2
52,101,0,0,0,4
8,2254,0,0,0,9
87,2378,0,0,0,9
55,2300,0,0,0,5
15,1536,1,0,0,9
33,580,0,0,0,2
7,1391,1,0,0,3
90,1544,0,0,0,1
19,2360,0,0,0,1
39,1591,0,1,0,10
16,2158,0,0,0,9
45,862,0,0,0,5
11,307,0,0,0,2
5,1906,0,0,0,10
74,658,0,1,0,5
36,237,1,0,0,3
63,2764,0,0,0,5
33,162,0,1,0,1
12,2710,1,0,0,7
63,1397,0,0,0,10
26,2353,0,0,0,2
79,1034,1,0,0,9
78,544,1,0,0,4
57,487,1,0,0,3
42,2355,0,0,0,0
83,811,0,0,0,7
63,397,1,1,0,0
12,994,0,0,0,5
73,405,0,0,0,4
36,628,0,0,0,2
40,1089,0,0,0,9
64,432,0,0,0,7
95,1258,1,1,0,5
46,2026,0,0,0,6
100,1157,0,0,0,4
28,266,0,0,0,6
44,469,1,0,0,7
30,396,0,0,0,10
92,2572,1,1,0,6
51,2549,0,0,0,6
69,1731,0,1,0,2
55,2447,0,1,0,4
44,2110,1,0,0,3
77,147,0,0,0,5
47,472,0,0,0,9
35,1173,0,0,0,3
72,2542,0,1,0,6
68,2516,0,0,0,9
25,2295,0,0,0,2
14,939,0,0,0,2
14,1834,0,0,0,10
24,110,1,0,1,9
91,1518,0,0,0,1
71,1090,0,0,0,3
18,1028,0,0,0,2
41,1288,0,0,0,4
35,1000,1,1,0,7
99,2140,1,0,1,6
51,552,0,0,0,0
6,409,0,0,0,7
77,389,0,0,0,6
73,1918,0,0,0,9
63,1118,0,1,0,8
13,2022,0,0,0,9
27,1367,0,0,0,3
69,1618,0,0,0,5
44,1285,0,1,1,1
25,164,0,0,0,1
70,982,1,0,0,0
17,2524,0,1,0,2
47,1893,1,0,0,3
89,391,1,0,0,0
91,1039,1,0,0,6
73,332,0,0,0,9
17,205,1,0,0,10
84,1524,0,0,0,3
68,965,0,0,0,1
93,2381,0,1,0,8
7,313,0,0,0,4
36,1298,0,1,0,2
86,2764,0,0,1,6
3,1538,0,0,1,4
45,2284,0,0,0,1
8,1551,0,0,0,4
64,973,0,0,0,8
19,1287,0,0,0,7
75,47,0,0,0,2
30,1404,1,0,0,3
17,1059,0,1,0,3
91,184,1,1,0,5
69,694,0,0,0,6
63,568,1,0,0,5
41,469,1,1,0,5
100,1599,0,1,0,4
60,1448,0,0,0,6
65,90,1,1,0,2
12,70,1,0,0,5
3,2453,1,0,0,4
26,2661,1,0,0,8
79,2591,0,0,0,2
92,1065,0,1,0,1
71,1395,1,1,0,8
36,1124,0,0,0,7
23,1263,1,0,0,5
86,1111,1,0,1,0
13,1443,0,0,0,3
6,1323,0,0,0,4
28,1796,0,0,0,10
57,1524,0,0,0,9
15,1332,0,0,0,10
79,541,1,0,0,10
79,1210,0,0,0,0
40,528,0,0,1,6
38,1327,1,0,0,8
94,1567,0,0,0,0
13,833,1,0,0,6
21,1462,1,0,0,4
59,1635,1,1,1,8
98,501,1,0,0,3
45,448,1,0,0,0
62,984,0,0,0,0
16,2722,0,0,0,1
47,2369,0,1,0,8
54,2457,0,0,0,6
30,2350,0,0,0,10
50,354,0,0,0,0
55,189,0,0,0,0
34,121,1,1,1,9
77,1549,1,0,0,5
92,2341,0,1,0,0
19,1348,1,0,0,1
77,357,1,0,0,3
40,1864,0,0,0,9
81,1709,0,1,0,6
25,47,0,0,0,9
92,1666,1,1,0,10
1,381,0,0,0,5
58,2747,0,1,0,9
81,187,1,0,1,2
80,208,0,0,0,7
21,1936,0,0,0,5
54,220,1,0,0,0
3,2627,0,0,0,0
82,239,1,1,0,3
14,133,0,0,0,7
36,2213,1,1,0,6
28,618,0,0,0,7
29,768,0,0,0,9
4,2211,0,0,0,0
22,357,0,1,0,3
61,1964,1,1,0,5
71,1393,1,1,0,1
39,2288,0,0,0,5
98,248,1,0,0,10
22,1236,0,1,0,4
68,2055,1,0,0,1
50,954,1,1,0,8
62,443,0,1,1,8
35,2657,0,0,0,3
33,1359,1,0,0,4
84,1017,0,1,0,0
6,2079,0,0,0,0
77,2273,1,1,0,9
5,1677,1,0,0,8
98,1295,0,0,0,9
56,962,0,0,0,7
17,395,0,0,0,5
27,1985,0,1,0,9
35,2130,1,0,0,10
1,1476,0,0,0,1
29,2683,1,0,0,6
84,612,0,0,0,6
61,2800,1,0,0,10
98,2322,1,0,0,10
73,1624,0,0,0,9
64,1891,0,0,0,2
93,1710,1,0,0,5
64,1758,0,0,0,7
70,1426,0,0,0,2
15,1027,1,0,0,9
38,1282,0,0,0,9
39,2340,0,0,0,6
89,1332,0,0,0,8
82,1954,1,0,0,1
50,931,0,0,0,1
77,1974,0,0,0,7
97,1581,0,0,0,8
23,312,1,0,1,2
53,425,0,1,0,9
17,2468,1,0,0,8
80,1550,0,0,0,4
43,818,0,0,0,3
55,2608,0,0,0,2
93,535,1,0,0,9
54,666,0,0,0,9
79,400,1,0,0,7
16,2598,1,0,0,8
68,1784,0,0,0,6
98,1672,0,0,0,7
40,1338,0,0,0,1
43,865,0,1,0,10
77,860,0,1,0,9
39,1425,0,0,0,6
94,869,0,0,0,0
74,54,0,1,0,2
18,1314,1,0,0,3
96,1406,1,0,0,2
65,485,0,0,0,1
16,2172,0,0,0,7
98,1357,0,0,0,1
26,2039,0,1,0,8
64,1878,0,0,0,3
95,382,0,0,0,9
63,761,1,1,0,0
91,352,0,0,0,5
72,1383,0,0,1,10
62,2744,0,1,0,8
100,1543,0,1,0,2
94,1653,0,0,0,10
10,1083,1,0,0,4
58,1136,1,0,0,0
98,1064,1,0,0,3
8,178,0,0,0,1
47,1872,1,0,0,0
36,131,0,0,0,3
39,1637,0,0,0,4
36,2380,1,0,0,2
87,388,0,1,0,6
83,1660,0,0,1,10
20,1015,1,0,0,3
48,1305,0,0,0,5
21,187,0,0,0,9
90,193,0,0,0,7
43,2194,1,1,0,9
62,1446,1,0,0,10
67,1430,0,0,0,8
79,1423,0,0,0,1
38,1150,0,0,0,0
12,923,1,0,0,7
74,1450,1,0,0,5
31,198,0,0,0,9
89,256,1,0,0,2
99,1006,1,1,0,9
48,2220,0,0,1,2
6,2441,1,0,0,9
64,1512,0,0,0,2
81,2024,1,0,1,2
28,1522,1,0,0,6
100,1845,1,0,0,4
6,2632,0,0,0,4
35,2129,1,0,0,7
47,356,0,1,0,0
59,2515,0,1,0,0
10,2798,1,0,0,4
11,824,0,1,0,8
3,785,1,0,0,7
19,122,0,0,0,4
50,660,0,1,1,9
98,1356,1,0,0,1
72,524,0,0,0,6
81,232,1,0,0,7
82,1065,0,1,0,4
1,1936,1,0,0,2
98,2334,1,0,0,1
39,1734,1,0,0,10
45,2814,0,0,1,1
13,1140,1,1,0,9
34,772,0,0,0,0
25,1586,0,0,0,3
57,1760,0,0,0,9
55,901,0,0,0,9
7,2621,0,1,0,10
7,190,0,0,0,5
1,528,0,0,0,8
28,1563,0,1,0,9
41,2131,1,0,0,1
98,1436,0,0,0,1
92,243,0,0,0,5
37,678,0,1,1,3
27,1282,1,0,0,2
49,1164,1,1,0,1
74,782,1,0,0,3
19,1964,0,1,0,1
73,120,1,1,1,8
81,476,0,0,0,6
39,1794,0,0,0,6
93,2357,1,1,0,3
31,1192,1,1,0,1
32,2469,1,0,1,1
97,1433,0,0,0,8
39,1098,0,0,0,1
9,2049,0,1,1,1
28,73,0,0,0,2
65,1385,0,0,0,9
19,673,1,0,1,3
18,1686,0,0,0,3
43,306,0,0,0,3
67,1761,0,0,0,5
69,1877,0,0,0,1
8,1319,1,0,0,3
47,1584,0,0,0,4
12,951,0,0,0,7
79,2629,0,0,0,0
75,378,0,0,0,8
19,2010,1,0,0,1
86,2017,0,0,1,2
25,349,0,0,0,0
45,909,0,0,0,9
22,1675,1,0,1,0
93,158,0,0,0,5
35,653,0,0,0,10
21,69,1,0,0,9
1,1495,1,0,0,1
15,1873,0,0,1,8
69,831,1,0,1,5
13,1546,0,0,0,9
42,492,0,0,0,7
35,1966,1,0,0,9
32,2532,1,1,0,6
96,1523,0,0,0,5
21,159,0,0,0,8
36,2330,0,0,0,10
61,360,0,0,0,6
14,1750,1,1,1,10
17,2636,0,0,1,0
68,1479,0,0,0,10
99,2225,0,0,0,3
99,2561,0,1,0,6
91,2698,1,0,0,10
17,673,0,0,0,1
22,2011,0,0,0,10
46,2185,1,0,0,6
60,1202,0,1,0,6
41,265,1,0,0,7
23,2773,1,0,0,2
13,206,1,0,0,6
38,1186,0,0,0,2
49,2305,0,1,0,1
90,1887,0,0,0,4
3,51,0,0,0,6
91,162,1,0,0,9
50,1586,0,0,0,4
71,2229,1,0,0,5
27,2692,0,0,0,1
16,50,0,1,0,3
63,851,1,0,1,8
5,658,1,0,1,4
33,1446,0,0,0,5
96,171,1,0,1,1
91,2805,0,0,0,10
83,1965,1,0,0,3
64,301,1,0,0,7
61,2705,0,1,0,10
52,1098,0,0,0,10
66,1930,0,0,0,6
72,1468,1,0,0,10
44,410,0,0,0,5
67,616,0,0,0,6
99,609,0,0,0,0
91,90,0,0,0,10
80,1199,0,0,0,3
77,384,1,0,0,8
58,1788,0,0,0,2
72,2538,0,0,0,2
29,1286,0,0,0,8
53,2216,0,0,0,3
89,2326,1,1,0,6
52,1949,0,0,0,0
19,1074,1,0,0,0
90,1911,0,0,0,9
62,850,1,0,0,3
11,1047,1,0,0,9
29,1515,0,0,0,3
6,2801,0,0,0,3
23,2411,0,0,0,0
71,1076,0,0,0,0
11,2032,0,1,0,5
97,1823,0,0,0,10
57,811,1,0,0,0
54,2606,0,0,1,0
67,1099,1,0,0,5
98,1337,1,0,0,4
1,2271,0,0,0,4
6,2054,0,1,0,7
35,2049,1,0,1,7
55,296,0,1,0,2
12,721,0,0,0,4
14,2083,0,0,0,5
9,2447,0,1,0,0
16,580,0,0,0,7
19,941,0,0,0,5
3,1587,0,0,0,1
43,2374,1,0,0,1
32,620,0,0,0,0
33,2515,0,1,0,7
32,70,0,0,0,3
20,1971,1,0,0,5
61,1399,0,0,0,0
56,1626,0,0,0,4
93,2517,0,0,1,1
55,857,0,0,0,3
35,1508,0,0,0,5
92,2650,1,0,0,8
38,98,0,0,0,10
87,2685,0,1,0,7
31,1513,0,0,0,0
56,1848,0,0,0,0
68,125,1,0,0,3
43,1589,0,1,0,9
63,1065,0,0,0,3
69,1703,0,0,0,3
77,362,0,1,0,3
48,380,0,0,0,5
75,2296,1,0,0,5
15,174,0,0,0,5
17,182,0,0,0,6
35,2559,0,0,0,4
37,2431,0,0,1,2
58,2482,1,0,0,7
50,149,0,0,0,10
6,402,1,1,0,0
46,2638,1,0,1,4
7,1137,0,0,0,8
91,2160,1,0,0,6
41,495,0,0,0,7
90,710,0,0,0,10
85,1778,1,0,0,2
38,712,0,0,0,0
24,1985,0,0,0,5
15,1177,0,0,0,0
72,2251,0,0,0,9
97,1019,0,1,0,5
8,2671,0,0,0,2
58,376,0,0,0,2
94,1375,0,1,0,1
100,379,0,0,1,2
26,1458,0,0,0,0
28,1685,1,1,0,2
81,2256,0,1,0,9
4,1499,0,0,0,5
48,1177,0,0,0,6
72,2762,1,0,0,4
4,204,0,0,1,10
28,2369,0,0,0,5
92,796,0,0,0,0
61,1106,0,1,0,3
94,2599,0,0,0,8
34,644,0,0,0,1
67,2131,0,0,1,9
80,2666,0,0,0,1
53,1394,0,1,0,1
88,1206,0,1,0,4
15,1230,0,1,0,4
91,2210,0,1,0,6
98,1315,0,0,0,6
41,1260,1,0,0,8
20,2309,1,0,0,9
62,1470,1,1,0,9
25,1936,0,0,0,2
71,2322,0,1,0,3
21,81,1,0,0,10
24,795,0,0,0,8
68,2232,1,0,0,6
65,2242,1,1,0,7
19,2131,0,0,0,0
44,197,0,0,0,9
27,1071,1,0,0,9
74,2308,0,0,0,0
65,2327,0,1,1,10
17,1091,0,0,0,3
97,248,0,1,0,1
15,818,1,0,0,4
88,1234,1,0,0,5
30,1358,0,0,0,7
88,1651,0,0,0,8
80,21,1,0,0,7
14,2580,0,0,0,10
74,1318,1,0,0,7
46,2196,0,0,0,0
65,2341,0,1,0,7
86,1366,0,0,0,3
95,634,0,1,0,0
6,1735,0,0,0,2
33,1679,0,1,0,1
38,976,0,0,0,9
41,562,0,0,0,0
72,1295,1,0,0,9
88,2308,0,0,0,7
87,989,0,1,0,4
48,2780,0,0,0,2
75,2678,0,0,0,3
44,891,1,0,0,4
7,1562,0,0,0,10
75,1394,0,0,0,8
100,926,0,0,0,8
51,898,0,0,0,5
50,2037,0,0,0,8
90,789,0,0,0,6
16,397,1,0,0,7
67,1567,0,0,0,7
91,547,0,0,0,9
17,1415,0,0,0,1
75,921,0,0,0,0
77,1262,0,0,0,3
35,1803,0,0,0,7
8,572,0,0,0,10
53,35,0,0,0,2
62,2000,0,0,0,3
55,1021,0,0,0,5
14,633,0,0,0,3
13,1649,1,1,0,8
25,800,0,0,1,3
86,1361,1,0,0,1
5,2631,1,0,0,2
47,1355,0,0,0,2
9,721,1,1,0,1
56,750,0,0,0,9
59,1158,0,0,0,8
98,2104,1,0,0,6
92,567,0,0,0,5
93,15,0,1,0,7
15,1666,0,0,0,0
1,2061,0,1,0,5
36,2067,0,1,0,5
1,1577,1,0,1,8
36,1743,1,0,0,0
45,131,0,1,0,10
93,336,1,0,0,0
16,1,0,0,0,9
37,812,0,0,0,1
71,738,0,0,0,8
54,2686,0,1,0,6
22,1737,0,0,0,3
37,1212,0,0,0,7
10,755,0,0,1,5
40,598,1,0,0,7
11,1068,0,1,0,8
99,779,0,0,0,8
93,2071,0,0,1,2
74,382,0,1,0,4
49,1929,0,0,0,2
9,361,0,0,1,6
85,2570,0,0,0,7
13,1700,0,1,0,10
65,1700,1,1,0,4
61,1447,0,0,0,4
57,1478,0,1,0,9
41,1160,1,0,0,2
89,1651,0,0,0,7
60,1090,0,0,0,0
53,1017,0,1,0,9
37,1526,0,0,1,3
75,770,0,0,0,2
1,207,1,1,1,10
39,212,0,0,0,1
68,155,1,0,0,0
99,2505,1,0,0,1
14,2240,1,0,0,1
10,1,0,0,0,7
84,2248,0,0,0,0
16,2643,0,0,1,2
2,2284,0,0,1,1
62,352,1,0,0,1
6,877,0,1,0,7
95,2092,1,1,0,1
42,287,0,0,0,4
74,1204,0,0,0,2
54,2397,1,0,1,0
83,2322,0,0,0,4
59,1262,0,1,0,9
73,301,0,0,0,1
12,1315,1,0,1,4
5,190,1,0,1,9
19,1194,0,0,0,6
29,1444,0,0,0,5
44,146,0,1,0,6
91,1580,1,0,0,4
10,2647,0,0,0,10
24,1614,0,0,0,10
45,2184,1,0,0,4
69,1360,0,0,0,9
90,613,0,0,0,0
64,594,0,0,0,10
79,2163,0,0,0,10
51,1675,1,0,0,7
15,659,1,0,0,6
71,474,0,0,0,2
44,2192,1,0,1,6
76,2814,1,0,0,6
30,114,0,0,0,10
53,284,0,0,0,2
80,1240,1,0,0,10
94,692,1,0,0,2
72,225,0,0,0,5
83,1021,1,0,0,4
94,871,1,0,0,9
96,2777,1,0,0,9
68,1874,0,0,0,5
45,2593,0,1,0,9
17,380,1,1,0,8
9,199,0,0,0,9
8,1360,0,0,0,0
90,1383,0,0,0,4
72,2198,0,0,1,10
67,2200,0,0,0,9
18,74,0,1,0,8
68,434,0,0,0,1
88,2245,0,0,0,8
53,1905,0,0,0,7
94,2648,0,0,0,10
88,2125,1,0,1,4
8,243,0,0,0,6
17,114,0,1,0,1
66,2771,1,0,0,1
30,857,0,0,0,9
45,2542,0,0,0,2
5,2209,0,0,0,10
77,2458,0,0,0,3
91,1562,0,0,0,3
7,1328,1,0,0,2
87,994,0,0,0,8
47,306,0,0,0,4
90,2114,0,0,0,10
54,677,0,0,0,4
6,1716,0,1,0,10
33,1702,0,0,0,10
1,1207,1,0,0,4
24,2647,0,1,0,10
22,2080,0,0,0,6
4,1110,0,0,0,6
83,2306,0,1,0,0
99,1871,0,1,0,1
60,2284,1,0,0,2
42,2402,1,0,0,8
10,1382,1,0,0,9
38,687,0,1,0,0
50,1988,0,0,0,3
59,340,1,0,0,3
47,1099,0,1,0,0
7,1287,0,0,0,8
14,258,0,0,0,0
55,935,1,0,0,1
3,2493,0,0,0,7
69,52,0,0,0,8
39,1205,1,0,0,10
30,2175,0,0,0,9
61,533,1,1,0,5
67,2146,1,0,0,10
92,1808,0,0,0,10
100,2056,0,0,0,8
74,1780,0,0,0,0
91,728,1,0,1,2
82,237,0,0,0,1
55,2046,0,1,0,1
55,2541,0,1,0,3
10,1145,1,0,1,5
50,139,0,0,0,9
77,2294,0,0,0,5
48,1257,1,0,0,3
42,1951,0,0,0,3
81,2066,0,0,0,4
90,2418,0,1,0,5
61,1860,0,1,0,4
59,526,0,0,0,1
39,595,0,0,0,0
90,2789,0,1,0,3
58,1995,0,0,0,5
64,1266,0,1,0,5
41,2517,0,0,0,9
44,2067,0,0,0,6
37,221,0,0,0,7
95,1320,1,0,1,1
35,432,0,0,0,1
40,1669,0,0,0,10
57,1738,1,1,0,10
78,1687,1,0,0,10
4,316,1,0,0,3
15,2090,0,1,0,6
43,1204,0,0,0,1
7,657,0,0,0,8
93,1741,0,1,0,9
95,1220,1,0,0,7
97,331,1,1,0,5
77,537,0,0,0,9
10,2565,0,1,0,10
59,2570,1,0,0,6
67,2762,1,1,0,10
34,1860,1,0,0,1
41,802,1,1,0,6
99,1610,1,0,0,1
17,2667,0,0,0,6
77,1278,0,0,0,9
4,1459,0,0,0,7
66,1575,0,0,0,1
64,2057,1,0,0,5
34,2640,0,0,0,0
35,1872,0,1,0,1
92,438,1,0,1,1
45,1736,0,0,0,2
75,56,0,0,0,1
70,184,0,0,0,5
77,419,1,0,1,4
27,2664,1,0,0,7
50,646,0,0,1,3
57,1567,1,0,0,4
72,1585,0,0,0,0
97,1726,0,0,0,9
8,2521,1,0,0,8
30,1124,0,0,0,3
78,2242,0,0,0,1
24,1531,0,1,0,4
66,1124,0,0,1,9
76,106,0,0,0,2
60,1602,0,0,0,2
62,1576,1,1,0,6
52,979,0,0,0,10
32,2390,0,0,0,2
2,2553,0,0,0,9
82,833,1,0,0,3
99,1081,1,0,0,7
68,158,0,0,0,4
62,2746,0,0,0,4
95,2174,0,0,0,7
67,820,1,0,1,3
47,2449,1,1,1,0
31,1129,1,0,0,1
100,2439,0,0,0,0
67,93,1,0,0,3
18,1082,0,0,0,2
89,905,0,0,0,4
69,2320,0,0,0,5
37,2718,0,0,0,10
9,629,0,0,0,4
73,375,0,1,0,6
24,2797,0,0,0,7
13,385,1,0,0,2
75,2726,1,0,0,5
12,2105,0,1,0,2
26,2210,0,0,0,9
5,2082,1,0,0,1
83,963,0,0,1,3
7,1150,0,1,0,7
32,2799,0,0,0,10
18,2027,0,0,0,3
3,871,0,0,0,10
86,1778,0,0,0,10
76,242,0,0,0,3
10,511,0,1,0,2
99,116,0,0,0,0
21,1880,0,0,0,2
79,1579,0,0,0,6
28,1810,0,0,0,2
54,823,0,0,0,6
68,397,0,0,0,2
84,737,0,1,0,2
16,2114,0,0,0,0
12,1528,1,1,0,3
5,1514,0,0,0,2
85,414,0,0,0,7
27,2481,0,0,0,7
48,1890,0,1,0,5
2,1608,0,0,0,6
67,820,0,0,0,8
30,981,0,0,0,0
76,151,0,1,0,6
36,2127,0,0,0,9
86,2719,0,0,0,5
69,1837,0,1,1,7
43,394,0,0,1,7
15,1121,0,0,0,1
10,2209,1,0,0,8
3,45,0,0,0,10
80,1496,0,1,0,3
96,2222,0,1,0,10
50,233,0,0,0,5
81,2417,0,0,0,1
38,1294,1,0,0,3
83,1543,0,1,1,9
75,1999,0,1,0,4
8,2411,0,0,0,10
70,1771,0,0,0,10
96,503,0,0,0,6
72,1525,0,0,0,7
48,2283,1,0,0,7
14,571,0,0,0,0
28,309,0,1,0,7
90,2490,0,0,0,0
12,274,1,1,0,1
52,653,0,0,1,8
44,112,0,0,0,7
93,176,0,1,0,8
23,1412,0,1,0,7
64,614,0,0,0,5
34,2353,1,0,0,2
12,2446,0,0,0,2
19,2765,0,0,0,6
91,983,1,0,0,10
86,1338,1,0,0,0
76,2661,0,0,0,1
48,741,0,0,1,9
29,2160,0,0,0,1
1,1371,0,0,0,5
19,1289,1,0,0,8
6,2815,0,0,0,3
60,1141,0,0,0,5
9,2804,1,0,0,2
54,400,0,1,0,9
20,2177,0,0,1,6
29,2797,0,1,0,0
59,2610,0,0,0,2
31,1467,0,1,0,1
76,2364,0,0,0,10
57,2445,0,0,1,2
66,1607,1,1,1,6
80,448,1,0,0,9
25,1121,1,1,0,5
69,2112,0,1,0,0
80,1173,0,0,0,9
36,1353,1,1,0,8
49,2136,0,0,0,5
53,2326,0,1,0,2
81,944,0,1,0,4
42,2759,0,0,0,10
64,540,0,0,0,2
28,2175,0,0,0,6
56,866,1,0,0,7
96,1829,1,0,0,5
11,2136,0,0,0,4
90,401,0,0,0,9
9,2361,0,0,0,7
68,2631,0,0,1,8
95,994,0,0,0,4
8,554,0,0,1,9
80,502,0,0,1,10
12,463,0,0,0,1
53,2075,0,0,0,0
50,1012,0,0,0,6
76,2575,1,0,0,2
62,2104,1,1,0,10
50,1099,0,0,1,3
31,266,0,0,0,10
64,2736,0,0,0,10
64,1235,0,0,0,1
80,1469,0,0,1,1
75,296,0,0,0,5
40,2182,0,0,0,4
94,2070,1,0,0,4
17,641,0,0,1,3
15,517,0,0,0,2
53,676,0,0,0,6
5,1603,0,0,0,0
35,2214,0,0,0,2
96,1303,1,0,0,0
49,1970,1,0,0,9
74,2023,1,0,0,8
7,1333,0,0,0,10
91,1182,0,0,0,10
49,1603,0,0,1,1
14,2374,1,0,0,8
75,1861,0,1,0,1
47,2394,1,0,0,2
2,1697,0,0,0,5
22,2239,0,0,0,5
1,1440,0,0,1,9
79,960,0,0,0,7
25,565,0,0,0,10
95,119,0,1,0,5
96,2031,0,1,0,2
28,363,1,0,0,7
16,2214,0,0,0,8
22,1717,0,0,0,8
95,1635,0,1,0,9
52,805,0,1,0,1
51,583,0,0,0,3
30,658,0,0,0,0
90,2162,0,0,0,6
27,1440,0,0,0,8
68,1075,0,0,0,5
49,1640,0,1,0,9
75,1477,0,1,0,0
74,647,0,0,0,10
28,1320,0,0,0,0
55,2637,0,0,0,2
31,1322,0,0,0,1
14,2673,0,1,0,6
43,171,0,0,0,6
96,931,1,0,0,4
84,2769,0,1,0,2
1,1511,1,0,1,10
80,248,1,0,0,4
62,1508,0,1,0,0
21,2253,0,1,0,0
94,1309,1,1,1,1
55,225,1,0,0,0
60,929,0,0,1,6
74,1937,0,0,0,8
21,2143,0,0,0,9
71,1127,0,0,0,5
74,241,1,0,0,10
67,1175,0,0,0,8
94,2201,0,0,0,1
6,1854,1,0,0,6
49,756,0,0,0,8
92,911,1,0,0,7
81,2232,0,0,0,5
56,2272,0,0,0,0
68,1930,0,0,0,0
50,2243,0,0,0,2
15,1249,1,0,1,5
10,2284,0,0,0,2
22,2541,1,0,0,0
64,2521,0,0,0,8
90,1407,0,0,1,7
35,2709,0,0,0,9
24,2389,0,1,0,5
17,1905,0,1,1,2
94,1778,0,0,0,9
5,2068,0,0,0,2
59,784,0,0,0,6
52,1677,0,0,0,9
79,1910,0,0,0,1
48,936,0,0,0,2
66,983,0,0,0,10
37,1495,0,0,0,4
24,159,1,0,0,10
66,832,0,0,0,7
10,1065,0,1,0,4
57,4,0,0,0,5
40,1755,0,0,0,2
62,2422,0,0,1,4
84,1667,0,0,0,9
4,1025,0,0,0,9
52,987,0,1,0,1
49,2788,1,0,0,3
11,1840,1,1,0,1
24,111,0,0,0,5
50,700,0,0,0,5
31,704,0,0,0,5
82,1928,0,0,0,3
17,1574,0,0,0,10
29,2478,0,0,0,7
59,529,0,1,0,7
10,2540,0,0,0,5
22,1916,0,1,0,1
61,1660,1,0,0,4
48,2164,0,0,0,7
49,2678,0,1,0,10
93,139,0,0,0,9
62,215,0,0,0,0
18,472,0,0,0,10
87,1208,1,0,0,6
29,1933,0,0,0,6
36,974,0,0,1,3
81,2329,0,0,0,6
70,1426,0,0,0,10
83,2269,0,0,0,9
67,1801,0,0,0,4
92,1665,1,1,0,8
23,936,0,0,0,9
84,1514,0,0,0,2
40,912,0,0,0,1
40,840,0,1,0,2
42,727,0,0,0,7
90,2633,1,0,0,4
49,1333,0,0,0,9
91,2518,0,1,0,10
82,1977,0,0,0,8
49,1238,0,0,0,4
35,329,0,0,0,10
69,64,0,0,0,6
8,1749,1,1,0,9
34,1156,1,1,0,9
17,1534,0,1,0,9
42,2302,0,0,0,4
17,2678,1,0,0,7
12,2035,1,1,0,6
87,2411,0,0,0,8
60,2655,0,0,0,7
97,691,0,0,0,1
80,1006,0,0,0,10
67,2248,0,0,0,1
10,910,0,1,0,2
59,1802,1,0,0,9
33,185,0,0,0,7
86,253,1,0,0,1
5,584,0,0,0,7
63,1820,1,0,0,4
48,1851,1,0,0,2
94,2572,0,0,0,7
86,1329,0,0,1,2
50,297,0,0,1,1
83,1783,0,0,0,3
56,1221,1,0,0,2
79,1665,0,0,0,3
24,2451,0,0,0,6
41,2738,1,1,0,7
93,70,1,0,0,5
17,910,1,0,0,10
27,1130,1,1,0,0
86,253,0,0,0,6
27,997,0,0,0,4
64,2625,0,0,0,7
26,1954,1,0,0,1
29,1867,0,0,0,4
67,606,0,0,0,4
22,1346,0,1,0,2
91,1968,1,0,0,1
24,799,0,0,0,0
77,1812,0,0,0,4
55,593,1,0,0,2
77,1451,1,0,0,9
82,1526,1,0,0,5
6,2133,1,0,1,3
56,1743,1,0,1,4
46,1232,1,1,0,5
81,529,1,1,0,0
47,2672,1,1,0,5
18,2682,0,1,0,2
12,2772,0,0,0,8
21,2289,1,0,0,7
85,1310,1,0,1,9
33,1297,0,0,0,4
85,1233,1,0,0,2
16,2524,0,0,0,8
50,2197,0,1,0,0
34,1677,0,0,0,2
13,26,0,1,0,3
56,1984,1,0,0,3
82,2046,0,0,0,8
34,2490,0,0,1,5
35,244,1,1,0,4
29,2547,0,0,0,10
41,1058,0,0,0,10
50,2766,0,0,0,3
40,1566,1,0,0,1
10,2777,0,0,0,5
50,1710,0,1,0,0
37,2755,0,0,1,7
90,860,0,1,1,0
3,2662,0,0,0,5
10,424,0,0,0,1
31,674,1,0,0,6
93,640,1,0,0,8
37,969,1,0,0,5
20,2292,1,0,0,6
6,1152,0,1,0,4
10,1902,0,0,0,0
10,2603,1,0,0,7
6,2659,1,0,0,6
74,2284,0,0,0,1
54,1040,1,0,0,10
17,1561,0,0,0,0
56,619,0,0,0,2
59,2525,0,0,0,10
43,793,0,1,0,0
95,1845,0,0,0,7
61,1486,1,0,0,4
73,1893,0,0,0,4
84,927,0,0,0,8
38,523,1,1,0,0
24,1270,0,0,1,10
38,2077,0,0,0,4
33,1613,1,1,0,4
93,73,0,0,0,5
43,1476,0,0,0,7
60,521,1,0,0,6
66,474,1,0,1,0
12,2335,0,0,0,6
81,1375,1,0,1,8
18,1311,0,0,0,1
70,675,0,0,0,10
18,1077,0,0,0,10
30,2633,0,0,0,1
77,2584,0,0,0,6
84,1883,0,1,0,8
83,1187,1,0,0,8
89,942,1,1,0,3
70,122,0,0,0,2
70,1071,1,0,0,5
57,1667,0,1,0,3
35,1511,1,0,1,4
9,1296,0,0,1,7
48,2553,0,1,0,1
50,604,0,0,0,3
78,2508,0,0,0,3
5,1647,0,0,0,0
60,975,1,0,0,8
24,1795,1,0,0,1
89,1951,0,0,0,6
67,1311,0,0,0,6
82,2664,1,0,0,8
2,413,1,0,0,2
78,950,0,0,0,6
52,2675,0,0,0,6
58,1543,0,0,0,3
75,1145,1,0,0,7
75,842,0,0,0,1
3,1865,0,0,0,1
48,2566,0,0,1,0
47,1966,1,0,0,6
68,1543,0,1,0,9
38,2136,0,0,0,10
67,1972,0,0,0,5
17,1461,0,0,0,10
22,255,0,0,0,2
10,395,0,0,0,9
27,727,0,1,0,7
65,2170,0,0,0,2
90,1118,0,1,0,2
92,1476,0,0,0,4
83,176,0,0,0,1
18,908,0,0,0,4
82,410,1,1,0,4
70,629,0,1,1,8
41,483,0,0,0,7
1,719,1,0,1,9
41,2276,0,0,0,10
73,2542,0,0,0,2
13,1151,0,0,0,3
7,2193,0,0,0,2
44,2590,0,0,0,0
71,2389,0,0,0,8
57,2316,0,0,0,7
45,35,0,0,0,0
76,1690,0,0,0,2
3,1270,0,0,0,6
52,1780,1,0,0,7
71,107,0,0,0,5
5,744,0,0,0,2
79,581,0,0,0,9
83,754,0,0,0,1
62,1573,1,0,0,1
27,2775,0,0,0,9
1,1955,0,0,0,8
93,315,1,0,0,9
87,1884,1,1,0,6
70,843,0,0,0,1
97,361,0,0,0,3
70,176,1,0,1,2
82,1251,0,0,0,6
79,2245,0,0,0,1
38,548,1,0,0,2
51,1819,0,1,0,7
59,2381,0,0,0,0
30,96,0,1,0,4
65,2005,0,0,0,8
42,1071,0,0,0,8
43,1689,0,0,0,6
9,452,1,0,0,8
99,1001,0,0,1,10
85,2606,0,0,0,10
50,1366,0,0,0,0
56,1486,0,0,0,5
45,641,1,0,0,8
96,1115,0,0,0,4
90,2091,0,0,0,7
8,1894,0,1,0,8
22,2109,0,0,0,5
66,776,0,1,0,4
94,896,0,0,0,0
26,2214,0,1,0,6
40,31,0,1,0,0
45,737,0,0,0,1
1,1798,0,0,0,4
100,1500,0,0,0,1
54,693,0,1,0,3
23,2750,0,0,0,9
17,547,0,0,0,9
39,613,1,0,0,7
30,1905,0,0,0,2
61,1568,0,1,1,10
71,1524,0,0,0,7
4,1329,0,0,1,8
63,1206,0,0,1,5
9,1073,0,0,0,9
50,2547,0,0,0,0
58,1429,1,0,0,9
22,1240,1,0,0,6
46,193,0,1,0,8
31,2073,0,0,0,3
56,2730,0,0,0,6
98,972,1,0,0,10
74,1633,1,1,0,7
69,2374,0,0,1,1
12,561,0,1,0,3
56,641,0,0,0,4
81,1016,0,0,0,1
83,2390,0,0,0,10
69,2637,0,0,0,8
76,1383,0,1,0,8
24,2727,1,0,0,3
70,1142,0,1,0,5
75,378,0,0,0,3
80,503,0,0,0,6
3,2434,0,0,0,7
87,138,0,0,0,3
77,1761,0,0,0,9
67,2788,0,0,0,5
51,1270,0,0,0,8
99,604,0,0,0,6
17,2083,0,1,1,3
93,434,0,1,0,4
17,760,0,0,0,0
43,383,1,0,0,4
35,2558,0,0,0,10
57,610,0,0,1,4
13,1135,0,1,0,3
37,1188,0,1,0,2
96,1080,0,0,0,7
90,2205,1,0,1,0
92,2742,1,0,0,6
4,49,0,0,0,4
22,1432,0,0,0,5
61,2375,1,1,0,7
96,399,1,0,0,4
20,1546,0,0,0,0
16,801,0,1,0,3
61,1363,0,0,0,9
43,291,1,0,0,3
21,2022,0,0,0,4
55,171,0,0,0,8
99,819,0,1,0,6
6,1969,0,0,0,2
96,2200,1,1,0,10
80,1498,0,0,0,9
42,1681,1,0,0,4
36,2549,1,0,0,0
38,1960,0,0,0,2
23,617,0,0,0,4
57,2554,1,0,0,9
2,2668,0,0,0,3
87,722,0,0,0,1
47,1307,0,0,0,4
45,1984,1,0,0,6
16,192,0,0,0,3
43,151,1,0,0,10
35,1854,1,1,0,4
47,564,0,0,0,2
83,455,0,1,0,0
94,1853,1,1,0,2
53,1119,1,0,0,8
62,2573,0,0,1,10
52,2591,1,0,0,3
93,121,1,0,0,10
39,712,0,0,0,6
7,1758,0,1,0,5
37,2001,0,0,1,6
72,950,0,0,0,0
85,2115,0,0,0,8
25,1199,0,0,0,4
98,240,0,0,0,8
85,220,0,0,0,8
34,1558,0,0,0,5
27,1721,0,0,0,5
7,861,0,0,0,8
15,2438,0,0,0,4
58,1249,0,0,0,0
89,1142,1,1,0,7
48,1497,0,0,0,9
85,1116,0,0,0,7
26,2009,1,0,1,7
75,425,1,0,0,5
4,2357,0,0,0,2
88,756,0,0,0,4
63,1303,0,1,0,0
10,785,0,0,0,9
57,2640,0,0,0,9
65,2144,0,0,0,4
2,474,1,1,0,8
76,608,0,1,0,7
11,2155,1,0,0,0
59,717,0,0,1,5
57,600,0,0,0,5
53,841,0,0,0,8
42,1124,1,0,0,0
19,676,0,1,0,7
84,2478,0,1,0,0
34,1711,0,0,0,3
24,2037,0,0,0,10
88,1998,0,1,0,6
4,2100,0,0,0,10
8,2375,0,0,1,5
49,211,1,0,0,3
69,19,1,0,0,8
46,501,0,0,1,0
36,318,1,1,0,2
13,1719,1,0,1,6
18,93,0,1,0,7
18,248,0,0,0,10
45,2327,1,0,0,9
36,1126,0,0,0,3
100,1312,1,0,0,8
19,1829,1,0,0,9
99,1929,0,1,0,1
47,1415,0,0,0,5
58,1699,0,0,0,8
55,765,1,1,0,4
62,1610,1,1,0,10
70,2487,1,0,0,10
100,2127,0,0,0,6
95,64,0,1,0,6
78,1597,0,1,0,0
17,1846,1,1,0,3
63,1515,0,0,0,5
7,822,0,0,0,3
94,2795,0,0,0,2
96,138,0,0,0,3
31,381,0,0,1,0
67,2212,0,0,0,7
21,327,1,1,0,4
33,2218,1,0,0,6
86,1388,0,1,0,10
81,610,1,0,0,8
72,1129,0,0,0,7
38,1846,1,0,1,8
40,1994,0,0,0,7
9,1667,1,1,0,0
73,2326,0,0,1,6
85,2514,0,0,1,8
35,205,0,1,0,5
48,2670,0,0,0,3
84,1998,1,0,0,9
98,2296,0,0,0,6
49,469,0,0,1,0
90,2602,0,0,0,0
17,750,1,0,0,10
5,909,0,0,0,4
48,2088,0,1,0,6
39,2391,0,1,0,0
84,1435,0,0,0,6
16,992,1,0,1,10
52,764,0,1,0,10
16,770,0,0,0,4
28,2377,0,0,0,6
16,2286,0,0,0,3
90,1033,0,0,0,6
8,2160,0,0,0,0
53,2346,0,0,0,4
56,2445,0,0,0,2
27,1540,0,0,0,0
26,2210,1,0,0,1
71,14,0,0,0,4
14,718,0,0,0,3
7,2114,0,0,0,0
5,2471,0,1,1,4
79,2622,0,0,0,1
27,2590,0,0,0,8
66,2433,0,0,0,7
44,2566,1,0,0,3
50,1166,1,0,0,8
91,844,0,0,0,9
47,216,0,0,0,10
54,2659,0,0,0,10
36,2004,1,0,0,7
75,792,0,0,0,0
19,404,0,0,0,10
84,143,0,0,0,6
25,1444,1,1,0,2
48,2120,0,1,1,1
42,2511,0,0,0,3
77,2526,0,0,0,4
35,382,0,0,0,8
90,2262,0,0,0,10
97,1313,0,0,0,2
33,1614,0,0,0,8
95,1554,0,0,1,6
24,1458,0,0,0,7
16,2385,0,0,0,8
87,1452,0,0,0,4
90,11,0,1,1,6
42,2134,0,0,0,9
34,1031,0,0,0,5
47,1117,0,0,0,7
90,257,0,0,0,6
55,215,1,0,0,2
43,1850,1,0,0,2
75,1269,0,0,0,6
36,1275,0,0,0,3
7,1395,0,0,0,10
93,1191,0,0,0,7
66,2173,1,0,0,3
70,2506,0,0,0,4
22,1161,0,0,0,1
28,2434,0,0,0,0
20,255,1,0,0,5
60,857,0,0,0,3
32,522,0,0,0,10
54,1828,1,0,0,0
14,1855,0,1,0,4
3,280,1,0,0,9
71,2155,0,0,0,4
73,1519,1,0,0,5
23,1096,1,1,0,2
91,2350,0,0,0,0
47,2021,0,0,0,4
71,768,0,0,0,6
59,902,0,0,0,6
43,1321,0,0,0,0
5,588,1,0,0,3
60,1177,1,1,0,4
44,974,1,0,0,7
20,2505,0,0,0,1
90,1002,0,0,0,1
27,629,0,0,0,6
18,2787,0,0,0,10
85,1177,0,0,0,8
96,972,0,1,1,10
25,1924,0,0,0,2
75,2197,0,0,0,1
84,2631,0,0,0,6
91,1656,0,0,1,7
48,1683,0,0,0,6
24,1369,1,0,0,3
69,2727,0,0,0,4
41,2227,0,1,0,7
64,2285,0,0,0,4
26,702,0,0,0,0
72,1359,1,0,0,7
63,1721,0,0,0,6
62,2546,0,0,0,2
53,1778,0,1,0,10
80,2665,0,0,0,9
72,111,1,1,0,7
97,741,1,0,0,0
66,830,0,0,0,4
40,1072,1,0,1,7
49,1646,0,0,0,1
23,2367,0,0,0,4
41,1870,0,0,0,2
67,1233,0,1,0,3
5,1637,0,1,0,7
66,2158,0,0,0,5
22,91,1,0,0,2
78,1373,1,0,0,1
62,2616,1,0,0,5
99,1762,0,1,0,3
13,2451,0,0,0,8
5,2227,0,1,0,10
17,2147,1,0,0,10
58,958,0,0,0,0
17,1140,1,0,0,3
40,2350,1,0,0,1
8,1518,0,0,0,6
46,2690,1,0,0,7
83,1995,1,0,0,9
61,2199,0,0,0,0
29,2667,0,0,0,6
50,1428,0,0,0,2
49,2229,0,0,0,9
19,103,1,1,0,10
17,1047,0,0,0,6
4,396,1,0,0,7
44,991,0,0,1,1
10,1217,0,0,0,10
28,2556,1,0,0,10
55,1112,0,0,0,10
74,822,0,0,0,0
87,1360,0,1,1,0
74,1503,0,0,0,7
3,1459,0,0,0,3
88,989,1,0,0,2
61,1929,0,0,0,10
23,246,0,0,0,5
94,646,0,0,0,0
1,2597,0,0,0,9
16,114,1,0,0,8
46,2341,0,0,0,5
49,1632,1,0,0,2
97,2641,0,0,0,6
31,2372,1,0,0,9
67,26,0,0,0,9
49,486,0,0,1,5
86,100,0,1,0,10
87,107,0,0,0,5
35,1339,1,1,0,2
83,1321,0,0,0,3
16,1110,0,0,0,5
77,2773,0,0,0,10
92,2596,1,0,0,7
73,396,0,0,0,5
23,1101,0,0,0,7
7,1099,1,1,0,4
26,1679,0,1,0,4
62,1798,0,0,1,1
95,1000,0,0,0,0
76,1275,0,1,1,9
57,1425,1,0,0,8
52,2667,1,0,0,10
33,2320,1,0,0,0
98,2241,1,0,0,9
59,1576,0,1,0,8
16,998,0,0,0,2
48,1677,1,1,0,10
68,2242,0,0,1,7
95,1846,0,1,0,9
8,228,0,0,0,2
40,1722,1,1,0,4
31,1095,0,1,0,5
13,1184,1,0,0,5
48,691,0,0,0,4
33,1918,1,0,0,1
97,1681,0,0,0,2
83,1641,0,0,1,6
9,1494,0,1,0,0
54,2281,1,0,0,6
10,179,0,1,0,5
18,2689,0,0,0,2
9,2728,1,0,1,3
45,1838,1,0,0,8
52,1580,0,0,0,8
7,2381,0,0,1,0
32,2577,1,0,0,2
55,1570,0,0,0,9
13,573,0,0,0,5
92,188,1,0,0,4
23,2575,0,0,0,10
97,1758,0,0,1,0
54,1471,0,0,0,10
21,2069,1,1,0,5
47,1495,1,0,0,5
98,1121,1,0,0,7
86,416,1,0,0,0
2,10,0,0,0,6
82,2557,1,0,0,7
97,1898,1,0,0,4
12,1463,1,0,0,3
30,508,1,0,0,0
42,1504,1,0,0,9
52,2216,0,0,0,1
88,2780,0,0,0,4
72,1919,0,1,0,2
19,364,0,1,0,2
11,2002,0,0,0,5
67,651,0,0,0,5
59,662,0,0,0,1
24,1566,1,0,0,3
39,1051,0,0,0,10
48,2601,0,1,0,2
76,2571,0,0,0,0
56,2137,0,0,1,9
20,564,1,0,0,0
89,657,1,0,0,0
96,1110,0,1,0,1
50,630,0,1,0,7
38,824,1,0,0,5
91,1279,1,0,0,9
85,426,1,1,0,2
17,2310,1,0,0,2
81,2479,1,1,0,8
19,1474,1,1,0,3
6,796,1,1,0,0
40,2278,0,0,1,6
49,2804,0,0,1,0
61,444,0,0,0,6
25,116,0,0,0,1
53,1922,1,0,0,9
43,2226,0,0,0,8
24,2813,0,1,0,4
53,1591,0,0,0,9
17,448,0,0,0,2
7,236,1,0,0,4
11,2439,1,0,0,6
73,2551,0,0,0,7
35,2792,1,0,0,5
15,2813,1,0,0,3
99,1672,0,0,0,4
89,1518,1,0,0,4
100,2312,0,0,0,0
87,1786,1,0,0,7
60,1461,0,0,0,4
73,1432,1,0,0,2
74,1356,0,0,0,1
81,2419,0,0,0,9
7,731,0,0,0,6
14,45,0,0,0,4
79,2660,0,1,1,6
98,2806,0,0,1,7
92,2141,0,0,0,4
12,288,1,0,0,2
43,1858,1,0,0,2
71,1576,1,1,0,4
55,2781,1,0,0,7
81,2050,0,0,0,10
20,2281,1,0,0,4
51,1384,0,0,0,10
60,824,0,0,0,7
80,2221,0,0,0,3
20,511,1,0,0,3
57,751,0,0,0,10
87,823,1,0,0,8
18,1519,1,0,0,7
21,790,1,1,0,0
82,1926,1,0,0,1
2,831,0,0,0,2
45,2387,1,0,0,8
19,2148,0,0,0,1
82,2799,0,0,0,0
80,1431,0,0,0,3
75,819,1,0,0,1
77,2153,0,0,0,7
89,218,0,0,0,8
13,2161,0,0,0,7
91,1946,0,1,0,1
51,569,1,0,0,4
78,2704,0,0,0,8
52,2805,1,0,0,2
17,2667,0,0,0,9
90,1203,0,0,0,10
52,2444,1,1,0,0
63,2657,0,1,0,10
21,1393,0,0,0,0
58,1643,1,0,0,8
22,1119,1,0,0,6
99,1093,0,1,0,8
53,1783,0,0,1,8
67,2620,0,1,0,0
39,768,0,1,0,1
67,1234,1,0,0,7
26,2398,1,1,0,2
87,1025,0,0,0,4
16,755,1,0,0,9
68,2081,0,0,0,8
87,1122,0,0,0,1
80,1444,0,0,0,4
98,2364,0,0,0,0
79,1330,0,0,0,6
9,638,0,0,0,7
24,1998,0,0,0,6
64,1981,0,1,0,1
6,1103,0,0,0,0
31,534,0,0,1,8
42,2794,0,0,0,4
3,1634,0,0,0,1
96,271,0,0,0,10
18,1063,1,0,0,7
21,2413,0,0,0,7
36,2588,0,0,0,6
81,1420,1,0,0,5
49,558,1,0,0,10
69,404,1,0,0,6
43,1673,1,0,0,7
52,488,1,0,0,8
72,410,1,0,0,4
55,2389,1,0,0,7
54,1852,0,0,0,8
67,2323,0,0,0,0
87,1287,0,0,0,10
22,1454,1,0,0,6
90,2527,0,0,0,10
88,1408,0,0,0,3
16,1871,0,0,0,4
13,38,0,0,0,7
68,1283,0,0,0,1
21,30,0,0,0,0
34,1388,0,0,0,10
90,577,0,0,0,10
87,1399,0,0,0,3
63,1396,0,0,0,8
35,2655,1,0,1,6
55,1324,1,0,0,2
100,1326,0,1,0,3
71,843,0,0,0,10
32,1236,1,0,0,1
72,1699,0,0,0,3
59,946,0,0,1,2
60,792,0,0,0,5
49,2501,0,0,0,4
53,2033,1,0,0,0
72,2512,0,0,0,9
47,2308,1,1,0,8
1,2164,0,0,0,2
44,1925,0,0,0,5
5,572,1,0,0,2
77,195,0,0,0,10
27,1983,0,0,0,3
4,1641,0,0,1,8
2,693,1,0,0,10
13,2018,1,0,0,1
35,1098,0,0,0,9
39,938,0,1,0,5
71,2551,0,1,0,7
34,1464,1,0,0,7
14,519,0,0,0,1
62,1589,0,0,0,0
68,906,1,0,0,7
97,2690,1,0,0,6
36,584,1,0,0,9
60,1502,1,0,0,5
47,314,0,0,0,3
25,411,0,0,0,6
27,1273,1,0,0,3
90,1656,1,0,0,10
36,1057,0,0,0,4
79,1190,0,0,1,2
32,1921,0,1,1,8
100,2257,1,1,0,10
7,450,0,0,0,6
57,431,0,0,0,7
93,2009,0,0,0,4
51,2291,0,0,1,3
82,1311,0,0,1,1
7,502,0,0,0,9
20,246,1,1,0,5
8,2528,1,0,0,4
94,805,0,0,1,0
11,289,0,0,0,2
17,2749,1,0,0,2
53,1550,0,0,1,8
35,1587,0,0,0,10
79,2135,0,0,0,10
7,1503,0,0,0,8
14,1858,0,1,0,3
72,1534,1,1,1,3
45,1745,0,0,0,8
80,2454,0,1,0,7
38,1452,1,0,0,8
85,2241,1,0,0,3
86,2443,0,0,0,10
35,210,1,0,0,6
1,699,1,0,1,8
57,1051,1,0,0,1
100,944,1,0,0,2
37,2226,0,0,0,3
45,2676,1,0,0,1
78,635,0,0,0,6
41,280,0,0,0,7
34,260,0,0,0,8
32,2498,0,0,0,6
77,1869,1,1,1,2
97,1190,0,1,0,7
96,478,1,0,0,6
72,866,0,1,0,7
60,1134,0,0,0,6
100,1832,1,1,1,4
51,981,0,1,0,8
41,1427,0,0,0,0
96,1885,0,0,0,4
58,2138,0,0,0,7
6,2040,1,0,0,1
90,301,0,0,0,3
35,2620,0,0,1,2
73,592,0,0,1,6
70,2372,0,0,0,1
63,1791,1,0,0,1
28,503,0,0,1,1
55,1244,1,0,0,4
60,1541,1,1,0,1
16,317,0,0,0,1
29,1070,0,1,0,2
64,234,0,0,0,3
96,2096,0,1,0,10
11,2638,0,0,0,2
85,2355,0,0,0,10
40,2578,0,1,0,10
35,714,0,1,0,4
7,1642,0,0,1,2
38,2569,1,0,0,9
70,2004,0,0,0,10
77,131,0,0,0,0
100,1355,0,0,1,1
18,1762,0,0,0,9
23,945,1,0,0,6
33,1771,0,0,1,3
59,351,1,0,0,9
26,1707,1,0,0,0
37,450,0,0,0,9
93,2710,0,0,1,8
59,489,1,1,0,9
75,2757,1,0,0,7
26,398,0,1,0,0
67,2181,0,0,0,4
66,1238,1,0,0,2
2,34,0,0,0,0
2,771,1,0,0,10
76,1064,0,1,0,8
90,453,0,0,0,3
40,1373,0,0,0,1
75,763,0,0,0,5
61,1690,1,0,0,10
27,815,1,1,0,6
12,837,0,0,0,10
69,751,0,1,1,1
61,2571,0,1,0,9
3,2585,0,0,0,2
1,1059,1,1,1,7
87,2073,0,0,0,6
4,849,1,0,0,5
90,1830,0,0,0,6
72,1939,1,0,0,5
36,691,1,0,0,3
16,2397,0,0,0,6
84,768,1,0,0,8
20,512,0,0,0,7
94,296,0,0,0,3
8,2733,1,0,0,6
56,2248,0,0,0,0
33,1666,1,0,0,3
35,409,0,0,0,7
98,734,0,0,0,7
57,1224,0,0,0,3
80,2225,1,0,1,9
13,806,0,0,0,1
15,1333,0,0,0,5
16,1587,0,0,0,9
90,362,0,1,0,7
53,1330,0,0,0,2
42,391,0,1,0,6
98,1352,0,0,0,4
69,1239,1,1,0,1
54,399,0,0,0,8
14,1806,0,0,0,9
22,1741,1,0,0,10
11,981,1,1,0,6
53,2211,1,0,0,2
30,1130,0,0,0,1
56,1368,1,1,0,9
12,2200,0,1,0,2
18,1031,0,0,0,5
5,1618,0,1,0,5
20,2168,1,1,0,3
34,2745,1,0,0,9
27,1486,0,0,0,10
14,527,0,1,0,1
22,1267,0,0,0,5
43,2169,0,0,0,7
64,1185,0,1,0,3
20,2404,0,0,1,0
59,2485,0,0,0,6
51,2192,0,0,1,4
43,702,0,0,0,8
84,1946,0,0,1,6
55,2538,0,0,1,2
6,281,0,0,0,7
86,651,1,1,0,5
99,986,0,1,0,0
93,693,0,0,0,9
93,262,0,1,0,3
93,2423,1,0,0,5
65,1306,1,0,0,3
80,1883,1,0,0,5
23,456,0,0,0,4
86,2071,0,0,0,10
75,2590,1,0,0,9
60,2682,0,0,0,3
83,1827,0,0,1,1
37,1659,1,0,0,5
47,1246,0,0,0,0
97,1943,0,0,0,7
23,426,1,1,0,6
38,1112,1,0,1,9
70,174,0,0,0,4
79,2328,0,0,0,6
48,1338,1,1,0,10
24,380,1,0,0,6
85,507,0,0,0,6
16,2370,0,0,0,5
97,549,0,1,0,7
78,280,0,1,0,10
66,2120,1,0,0,9
72,2218,1,0,0,6
79,932,0,0,0,1
40,2423,0,0,0,8
72,675,0,0,0,7
65,801,0,0,1,3
77,1750,0,0,1,3
44,2497,0,0,0,9
10,261,0,0,0,5
73,50,0,0,0,5
11,886,0,0,0,0
68,764,1,0,1,6
99,2558,0,0,0,6
48,21,0,1,0,2
80,2252,0,0,0,7
20,2387,0,1,1,1
89,911,1,0,0,10
5,1680,0,0,0,3
36,1091,0,1,1,4
41,610,0,0,0,4
45,1629,1,0,0,5
17,100,1,0,1,3
69,1634,0,1,0,8
30,2224,0,1,0,1
15,1691,0,1,1,1
68,863,0,0,0,6
85,790,1,0,0,4
5,2037,0,0,0,8
21,2168,0,0,0,1
34,2277,0,1,0,7
6,207,1,0,0,9
27,644,0,1,1,7
87,2320,0,1,0,3
78,2060,0,0,0,10
56,1131,0,0,0,2
86,654,1,0,0,5
51,197,0,0,0,6
62,537,1,1,0,4
96,1076,0,0,0,5
69,1871,1,1,0,4
27,196,0,1,0,3
19,2057,0,0,0,7
82,184,0,1,0,0
11,1500,0,0,0,2
84,964,0,0,0,9
51,1358,1,0,0,6
54,2611,1,0,0,7
55,139,1,0,0,5
28,1967,1,0,0,2
63,2577,1,0,0,6
40,2068,1,1,1,5
65,1610,1,0,0,2
98,1351,0,0,0,5
58,2219,1,1,0,0
93,1890,1,0,0,0
28,2549,0,0,1,9
63,146,0,0,0,10
49,166,0,0,0,6
30,159,0,0,0,5
92,1555,1,0,0,10
37,1460,0,0,1,3
81,2748,1,0,0,10
19,942,1,0,0,1
38,822,0,0,0,2
95,2077,0,0,0,8
55,607,0,0,0,5
10,1266,1,0,0,10
13,1671,1,1,0,0
50,1728,0,0,0,7
83,2810,0,0,0,3
40,1419,0,1,0,9
26,1544,0,1,0,4
53,21,1,0,0,5
97,469,0,0,0,1
46,2531,0,0,0,5
82,2754,0,0,0,0
49,1921,0,0,0,4
45,2077,0,1,0,4
34,1097,0,0,0,5
27,1343,0,0,0,1
94,770,0,1,0,9
96,213,0,0,0,8
54,1662,0,0,0,1
43,61,0,0,0,6
53,1317,1,0,0,1
54,1114,1,0,0,0
14,2579,0,0,0,4
39,2139,0,1,0,4
59,2517,0,0,0,7
32,2110,0,0,0,2
14,2118,0,0,0,10
22,779,0,1,0,4
88,2783,1,0,0,9
98,91,1,0,0,3
79,2617,0,0,0,9
83,86,0,0,0,1
58,2288,1,1,0,5
66,1620,0,1,0,10
10,2286,1,0,0,1
99,358,0,0,0,3
8,1782,0,1,0,10
33,179,0,0,0,8
94,2471,1,0,0,1
95,1791,0,1,0,8
49,1781,0,0,0,4
80,1754,1,0,1,4
64,2545,0,0,0,5
9,2134,0,0,0,4
43,283,1,0,0,10
73,291,1,0,0,10
90,2078,0,1,0,2
59,168,1,0,0,0
89,2478,0,0,0,6
39,1073,0,1,0,5
63,260,1,0,0,6
93,1642,1,0,1,6
56,496,1,1,0,4
5,81,1,1,0,0
53,2752,0,1,1,2
99,573,0,1,0,4
28,2661,0,0,0,0
69,847,0,0,1,3
43,2765,0,0,0,2
80,58,0,0,0,10
15,966,0,0,0,1
4,2317,0,0,1,0
35,8,0,0,0,3
8,178,0,0,0,8
96,1222,1,0,0,7
32,1832,0,0,0,7
78,136,0,0,0,0
72,2164,0,0,0,0
19,1671,0,1,0,7
20,1472,0,0,0,7
49,1912,0,0,0,4
44,300,0,0,0,10
94,2759,1,0,0,7
84,1053,0,0,0,6
87,1396,0,0,0,10
41,2177,1,0,0,2
73,1619,1,0,0,2
92,2195,1,0,0,5
69,1833,1,1,0,1
34,1402,0,1,0,7
7,1425,0,1,0,2
6,1026,0,0,0,3
76,532,0,1,0,10
71,1581,0,1,0,6
12,1055,0,0,0,4
7,101,0,0,1,3
73,1832,0,0,0,10
88,1978,1,0,0,3
73,2427,1,1,0,9
15,1529,0,0,0,3
50,419,1,0,0,1
47,149,0,0,0,5
77,1990,0,0,1,10
26,712,0,0,0,3
8,2792,0,0,0,6
83,381,1,0,0,9
56,1500,0,0,0,4
1,411,1,0,1,10
60,894,1,0,1,10
21,247,0,0,0,6
66,1300,0,1,0,9
48,2274,0,0,0,1
92,1130,1,0,0,3
63,591,0,1,0,5
7,2548,0,1,0,0
74,2310,0,1,0,9
94,2655,0,0,0,4
31,1635,0,0,0,5
1,2534,1,0,0,3
16,124,0,0,0,2
83,622,0,0,0,4
10,960,1,0,0,7
9,2638,1,0,0,4
70,822,0,1,0,9
70,2664,1,0,0,9
36,2434,0,0,0,4
77,2106,0,0,0,4
70,641,1,0,0,4
33,2425,0,1,0,3
25,321,0,0,0,10
74,2211,0,1,0,9
98,1364,0,0,0,3
77,600,0,0,1,8
93,1209,0,0,0,0
16,2488,1,0,0,0
69,1933,0,0,0,4
20,193,0,0,0,4
36,2005,0,0,0,1
46,1947,1,0,1,1
88,295,0,1,0,1
46,340,0,0,0,5
35,1108,0,1,0,4
91,1716,0,1,0,7
92,996,1,0,0,2
87,860,0,0,0,3
24,1725,0,0,1,0
34,1654,0,0,0,10
50,1293,0,0,0,4
13,2738,0,0,0,10
47,2648,1,0,0,0
70,909,0,0,0,0
68,1980,1,1,0,7
17,127,0,0,0,10
89,705,0,0,0,2
19,2785,0,0,1,4
71,563,0,0,0,7
13,1816,0,0,0,1
2,265,0,0,0,9
15,1167,0,0,0,7
3,2628,0,0,0,9
40,435,0,1,0,3
94,2689,0,0,0,8
7,1488,1,0,1,0
55,2590,0,1,0,9
18,2150,0,0,0,3
15,463,0,0,0,3
66,1393,0,0,0,4
34,1971,0,0,0,4
29,529,0,0,0,10
67,1312,1,1,0,0
22,1373,1,0,1,7
62,1982,1,0,0,4
27,1508,0,0,0,9
54,364,0,0,0,5
18,906,1,0,0,9
2,1817,1,1,0,1
100,2070,0,0,0,7
19,1476,1,0,0,6
16,1830,1,0,0,8
20,923,1,0,0,1
69,1074,1,0,1,7
16,1056,0,0,0,7
86,1840,1,0,0,7
67,2802,0,0,0,6
76,128,1,0,0,7
39,2380,1,0,0,10
4,625,0,0,0,10
96,2479,0,0,0,5
6,1770,0,1,0,3
73,1138,1,0,0,7
47,194,0,0,0,0
6,1224,0,0,0,2
14,1040,1,1,0,9
28,1166,1,0,0,1
92,2493,1,0,0,3
17,996,1,0,0,4
88,2803,0,0,0,2
85,309,1,1,0,3
44,463,1,0,0,7
28,2202,0,0,0,10
32,1610,1,0,0,8
90,1123,0,1,0,8
37,417,0,0,0,4
97,2050,0,0,1,2
18,618,0,0,0,5
61,1123,0,0,0,1
40,434,1,0,0,2
44,2548,0,0,1,10
32,1573,0,0,0,3
34,999,0,0,0,5
72,1210,1,1,0,6
93,533,0,0,0,6
13,168,0,0,0,9
69,2499,0,0,0,7
49,1580,0,0,0,1
71,391,1,0,0,7
78,1877,0,1,0,0
19,573,0,0,0,0
87,2246,0,0,1,9
80,481,0,1,0,8
51,1836,0,0,0,10
81,865,0,1,0,10
13,687,0,1,1,7
38,2039,1,0,0,2
18,2755,0,0,0,8
90,2786,0,0,0,7
34,739,0,0,0,1
23,2116,0,0,0,5
49,1354,0,1,0,8
100,2093,1,0,1,1
70,690,0,0,0,9
88,1289,1,0,0,5
18,178,0,0,0,3
36,1504,1,0,0,0
21,286,0,1,0,8
57,622,1,1,0,1
97,1216,0,0,0,3
45,2027,1,0,0,2
90,1135,0,0,0,4
31,2321,0,0,0,7
73,1768,1,0,0,4
22,1921,0,0,0,2
16,1712,0,0,0,2
39,1434,0,0,0,8
43,2290,0,0,0,4
23,994,1,1,1,8
15,1406,0,0,1,7
74,1034,1,0,0,2
38,468,0,0,0,1
2,2011,0,0,0,8
20,1548,0,0,0,6
99,85,0,0,0,6
82,1143,0,0,0,7
1,2081,0,0,0,5
9,2807,1,0,0,2
54,1126,0,0,0,6
16,328,0,0,0,0
90,490,1,0,0,10
22,137,1,0,0,6
69,1189,0,0,1,10
1,1066,0,1,0,1
31,2627,0,1,0,2
96,1468,0,1,0,8
85,2489,0,0,0,10
83,614,0,1,0,6
37,596,0,0,0,0
96,1071,0,0,0,5
66,1016,0,0,0,3
83,1078,1,0,0,3
92,1767,0,0,0,6
84,1064,0,0,0,4
64,2489,1,0,0,3
92,2619,0,0,1,9
64,2564,1,0,1,3
25,2069,1,1,0,1
29,2315,0,0,0,4
92,2347,1,0,0,7
25,1802,1,0,0,3
28,1487,0,0,1,0
21,1461,0,0,0,1
15,2052,0,0,1,4
46,1542,0,0,0,10
33,2707,0,0,0,2
62,1927,0,0,0,8
66,2254,0,1,0,0
18,354,0,1,0,10
16,746,1,0,0,5
27,47,0,0,0,8
19,7,1,0,0,5
64,2364,0,1,0,8
14,1162,0,0,0,5
20,1565,1,0,0,7
9,945,0,0,0,8
92,2398,1,0,0,2
49,1050,0,0,0,8
90,1359,0,1,0,6
9,636,0,0,0,9
4,48,1,0,0,9
40,1033,1,0,0,9
12,402,1,1,0,5
27,1797,0,0,0,3
99,2618,0,0,0,6
60,1534,0,0,0,6
89,165,0,0,0,9
49,2308,1,0,0,3
32,1166,1,1,0,10
45,791,0,0,0,0
47,2563,0,0,0,4
49,611,0,0,0,1
13,29,1,0,0,5
91,2713,0,0,0,7
62,623,1,0,0,5
90,1146,0,0,0,1
99,1956,0,0,0,6
52,78,1,0,0,9
1,1144,0,0,0,8
7,1413,0,1,0,1
83,1893,0,1,0,10
91,537,0,0,0,7
99,983,0,0,0,5
88,1563,1,0,0,2
52,639,0,0,0,8
41,2753,0,0,0,2
47,388,1,0,0,4
92,2243,1,0,0,3
69,2454,1,0,1,2
22,690,1,0,0,5
90,1204,0,0,0,2
19,1836,1,0,0,5
30,826,1,1,0,1
98,2337,0,0,0,9
8,1480,0,0,0,10
58,2093,0,0,0,10
7,111,0,0,0,2
31,765,1,0,0,10
78,203,1,1,0,7
60,2453,1,0,0,9
64,2402,0,0,0,10
18,1185,0,0,0,9
56,2092,0,0,1,6
6,1853,0,0,0,0
79,1138,1,1,1,1
65,742,1,0,0,10
60,194,0,0,0,9
88,308,1,0,0,2
43,2412,0,1,0,1
49,2531,0,0,0,4
91,522,0,0,0,0
76,1852,0,0,0,0
65,804,0,0,0,8
72,93,0,0,0,6
73,679,0,0,0,2
95,2583,1,0,0,7
88,2366,1,0,0,8
47,945,0,0,0,9
83,2277,0,1,0,6
49,813,0,0,1,7
71,2814,0,0,0,2
10,2290,0,0,0,10
65,786,0,1,0,7
7,1882,0,1,0,7
36,1432,0,0,0,0
30,604,1,1,0,6
93,100,0,0,0,9
28,1497,0,0,0,8
16,2123,0,0,0,5
82,1983,0,0,0,9
6,504,0,0,0,3
75,1160,0,0,0,10
4,626,0,0,0,0
39,1755,0,0,0,4
25,1244,0,0,0,1
57,2587,0,1,0,5
8,2530,1,0,0,3
88,2030,1,1,0,10
46,406,0,0,0,4
68,431,0,0,0,1
95,445,1,0,0,2
18,1224,0,0,0,7
23,639,0,0,0,1
93,2302,0,0,1,10
81,1390,0,0,0,8
87,911,1,0,0,3
98,2729,0,1,0,4
67,558,0,0,0,5
57,996,0,1,1,5
15,838,0,0,0,4
83,2477,0,1,0,5
58,2714,1,0,0,7
20,2283,0,1,0,1
7,1795,0,0,0,4
5,888,0,0,1,8
79,297,1,0,0,3
45,936,0,0,0,7
36,46,1,1,0,5
40,2021,0,0,0,0
26,1816,0,0,1,5
90,329,0,1,1,0
66,2359,0,1,0,7
55,136,1,0,0,0
48,981,0,1,0,0
79,2063,0,0,0,2
51,2139,0,0,0,3
97,667,0,0,0,9
63,2455,0,0,0,6
76,504,0,0,0,10
64,2054,0,0,0,6
7,2564,0,0,0,4
32,1822,0,0,0,6
89,2584,0,0,0,2
89,1796,1,0,0,9
6,223,1,0,0,6
31,1372,1,1,0,0
18,944,0,0,0,0
87,1285,0,1,0,7
29,992,0,0,0,2
32,746,0,0,0,1
40,660,0,0,0,7
66,2019,0,1,0,9
80,229,0,1,0,2
82,1361,1,0,0,1
48,2382,1,1,0,9
90,1945,1,1,0,4
66,408,1,0,0,4
58,1821,0,0,0,4
55,1329,0,0,0,9
41,2502,0,0,0,3
96,491,0,0,0,8
97,1463,1,0,0,10
16,549,0,1,0,2
78,270,0,0,0,5
59,809,0,0,1,4
34,1546,0,0,0,6
87,1467,0,0,0,5
70,1058,0,0,0,9
66,2721,1,1,0,7
21,163,0,0,0,3
56,693,0,0,0,3
60,2448,0,0,0,1
56,1427,0,0,0,1
25,423,0,0,0,5
65,2404,0,0,0,3
76,1808,1,0,0,2
12,1291,0,1,1,2
21,1896,1,0,0,7
14,1323,1,0,0,9
30,675,0,0,1,1
13,2102,1,0,0,9
48,1091,0,0,0,7
76,1959,1,0,0,0
31,1868,0,0,0,6
56,1572,0,0,1,1
48,1575,1,0,0,0
31,1509,1,0,0,1
13,947,1,0,0,10
86,2092,0,1,0,9
98,1414,0,0,0,7
65,2347,0,0,0,1
18,696,0,0,0,10
4,1752,0,0,0,5
7,1680,1,0,1,5
95,2543,1,1,0,0
74,2381,0,0,0,6
7,106,0,0,0,10
26,2666,0,0,0,4
26,659,0,0,0,5
53,1031,0,0,0,3
47,729,0,0,0,4
84,1638,0,0,0,8
41,1041,1,0,1,1
94,2305,0,0,0,8
96,2636,1,0,0,1
100,483,0,0,0,5
36,2399,0,0,0,9
93,2171,1,0,0,9
29,2429,0,0,0,5
8,427,0,0,0,1
74,1839,0,1,0,1
58,232,1,0,0,6
1,2181,0,0,1,6
86,1621,1,0,0,1
27,2500,1,0,1,1
90,924,0,1,0,9
27,2282,0,0,0,6
80,450,0,0,0,10
20,2040,0,0,0,1
42,2653,1,0,1,10
57,1044,0,0,0,10
15,324,1,0,0,4
64,1077,0,0,0,2
26,1732,1,0,0,9
69,44,0,0,1,8
65,986,0,1,1,6
87,1943,0,1,0,4
19,2516,0,0,0,7
98,558,0,0,0,1
38,1873,0,0,0,8
33,891,0,0,0,8
62,1408,1,1,0,2
15,2063,0,0,0,10
50,1194,0,0,0,10
25,100,0,1,0,1
60,48,0,0,0,5
92,1567,0,0,0,7
53,2493,0,0,0,9
27,1026,0,0,0,0
72,2253,0,0,1,1
75,248,0,0,0,1
21,957,0,1,0,2
10,879,0,0,0,1
54,84,0,0,1,2
85,1773,0,0,0,8
96,2030,0,0,0,6
71,2380,1,0,0,5
83,1555,0,0,0,4
84,653,0,1,0,1
95,1059,1,0,1,7
20,2782,0,0,0,9
48,104,0,0,0,2
29,1309,0,1,1,7
100,405,0,0,0,5
71,2283,0,0,0,2
50,1579,1,0,0,0
56,859,0,0,0,7
81,825,0,0,0,0
35,1394,1,0,0,0
90,75,0,0,0,2
6,1043,0,0,0,1
100,664,0,1,0,7
68,2130,0,1,0,8
1,1032,0,0,1,8
9,423,1,1,1,0
86,2420,0,0,0,6
72,2473,0,0,0,5
77,2262,0,0,0,0
13,2725,0,0,0,9
89,512,1,1,1,4
99,1802,1,0,0,9
51,334,0,0,0,10
79,621,1,0,0,6
49,852,0,0,0,9
53,58,1,0,0,2
37,1584,1,0,0,1
37,672,0,0,0,4
33,495,0,0,0,9
79,654,0,0,0,3
46,1748,0,1,0,6
62,2236,0,0,1,2
81,121,0,0,0,6
23,2405,1,0,0,10
97,392,1,0,0,3
46,1025,0,1,0,3
88,2099,0,0,0,0
41,2372,0,0,0,9
36,777,0,0,0,6
36,2177,0,0,1,9
80,2094,0,1,1,6
72,2663,0,0,0,9
35,529,1,0,0,9
38,952,0,0,0,4
13,2628,0,1,1,2
77,445,0,1,0,7
24,1116,0,0,0,4
44,2613,1,0,0,0
75,2512,0,0,0,8
52,1712,1,0,1,0
99,331,1,0,0,6
36,434,0,1,0,5
29,647,0,0,0,10
55,295,0,0,1,6
100,2726,1,0,0,5
97,1537,0,0,0,7
68,2340,1,0,0,5
71,86,0,0,0,3
16,2697,1,0,1,5
61,1429,0,0,0,2
15,2459,0,0,0,8
4,1878,0,0,0,8
75,1831,0,1,0,2
34,2226,0,0,0,5
42,712,1,1,0,7
49,2002,0,1,0,7
29,948,0,1,0,5
48,257,1,0,0,6
78,1319,0,0,0,4
61,1983,1,0,0,2
79,181,1,0,0,9
7,208,0,1,0,7
100,2247,1,0,0,3
82,1854,0,1,0,9
22,1303,1,0,0,2
79,1430,1,0,1,1
8,2355,1,0,0,4
37,7,1,1,1,6
13,2160,0,0,0,3
5,918,0,1,0,4
18,202,0,0,0,0
97,1107,0,0,0,7
29,1232,0,0,0,5
98,709,0,1,0,9
19,1141,0,0,0,9
14,2046,1,0,0,5
44,423,1,1,0,0
49,1602,1,0,0,5
49,1061,0,0,0,4
67,1586,0,0,1,10
69,275,0,1,0,4
96,1844,0,1,0,0
34,2738,0,0,0,5
86,1210,0,1,0,9
2,2248,0,0,0,10
84,2207,1,1,0,8
11,2746,1,0,0,6
35,1314,0,0,0,10
50,1407,1,0,0,5
92,235,0,1,0,8
63,1788,0,0,0,4
58,571,0,1,1,4
78,2037,1,0,0,7
11,995,0,0,0,6
33,1594,1,0,0,4
69,2122,1,0,0,2
22,302,0,0,0,9
64,1858,0,0,0,7
94,478,0,0,0,2
53,387,1,0,1,3
20,1581,0,1,0,3
25,1019,0,0,0,7
59,1625,1,1,0,3
21,109,1,0,0,4
85,294,0,0,0,9
9,2653,0,0,0,10
28,951,0,0,0,3
98,1606,0,0,0,4
80,2264,0,0,0,7
81,2039,0,1,1,5
78,1354,0,0,1,8
3,597,0,0,0,8
68,475,0,0,0,9
33,1412,0,0,0,2
77,2308,0,0,0,10
8,2068,0,0,0,4
77,1828,0,1,0,7
81,2385,1,0,0,3
54,2230,0,0,0,7
13,2743,0,0,0,9
35,2597,0,0,0,3
83,1265,1,1,0,5
16,2664,0,0,0,1
25,1387,0,1,0,10
62,2315,0,0,1,1
60,2594,1,0,0,3
96,1288,1,1,0,5
33,901,0,0,0,9
85,559,0,0,0,9
58,614,0,0,0,5
60,2475,0,0,0,8
55,1431,0,0,0,10
56,855,0,0,0,6
44,920,1,0,0,5
22,2246,0,0,0,7
35,1581,0,0,0,5
29,156,0,0,0,2
18,2081,0,0,0,8
17,1155,0,0,1,1
32,288,0,0,0,8
90,1423,0,0,0,0
19,2511,1,0,0,0
43,884,0,1,0,8
67,1470,0,1,0,4
22,1572,0,0,0,7
60,103,1,0,0,1
6,555,0,0,0,3
65,745,1,0,0,5
55,1476,0,1,0,8
22,2802,1,1,0,5
76,2185,1,0,0,1
63,326,1,0,0,10
75,1631,1,0,0,9
69,665,0,0,0,8
4,197,1,0,0,10
21,2581,0,1,0,8
7,2765,0,0,0,2
58,1464,0,0,0,0
43,121,0,0,0,4
53,725,1,0,0,9
91,2350,0,0,0,6
65,2554,0,1,0,5
78,1459,0,0,1,7
88,2380,0,0,1,8
86,2153,0,0,0,5
86,2732,0,0,0,7
81,941,0,1,0,7
33,70,0,0,0,8
59,1343,0,0,0,2
3,2682,0,0,0,5
62,1471,0,0,0,10
24,2053,0,0,1,7
67,757,0,1,0,6
48,2285,0,1,0,3
8,384,0,0,1,6
21,65,0,0,0,7
82,2468,0,0,0,7
58,1836,1,0,0,1
65,1939,1,1,0,7
87,764,0,1,0,2
82,33,1,0,0,2
51,845,0,0,0,6
29,286,0,1,0,1
14,2339,1,0,0,6
36,1228,1,0,0,0
97,1058,1,0,0,9
78,1216,1,0,0,9
19,1544,0,0,0,2
26,1288,1,0,0,0
94,1304,0,1,0,1
20,2182,0,0,0,9
22,1924,0,1,0,2
62,1929,0,1,0,8
73,894,1,0,0,0
99,885,0,0,1,7
19,2730,0,0,0,7
98,2155,0,0,0,9
84,2343,0,1,0,8
59,458,0,0,0,1
57,782,1,0,0,9
60,1020,0,0,0,0
7,1400,0,0,0,3
72,1315,0,1,0,3
1,23,0,0,1,0
1,12,0,0,1,0
1,15,0,0,1,0
1,287,0,0,1,0
1,37,0,0,0,0
1,2602,0,1,0,0
1,869,0,1,0,0
1,2053,0,1,0,0
1,2319,0,0,0,0
1,2071,0,0,0,0
1,1,0,0,0,1
1,120,0,0,0,2
1,902,0,1,1,0
1,1948,0,1,1,0
1,2649,0,1,1,0
5,47,0,1,1,0
199,149,0,1,0,0
199,697,0,0,1,0
199,2649,0,0,1,0
199,12,0,0,1,0
37,1,0,0,0,1
37,1809,0,1,0,0
37,1336,0,1,0,0
201,93,0,1,0,0
201,764,0,1,0,0
201,1664,0,1,0,0
200,2307,0,1,0,0
200,2315,0,1,0,0
200,2319,0,1,0,0
200,2324,0,1,0,0
200,2329,0,1,0,0
200,630,0,0,0,1
